	actual_label	prediction	terms
0	Course	Course	time cs su tr pm go lab chiang home hui homepag
1	Non-Course	Non-Course	univervers phone e austin otu robert cs ut address email b xa depart texa utexa info univers edu tx mail
2	Non-Course	Non-Course	distribut phone research sytem show oper professor e photo thu home alvisi lorenzo ph taylor itali cours special cornel topic map feb page fall interest cs ut maria spring comput csd public hall toler depart texa offic li utexa hot scienc bologna cst univers edu fax system mail
3	Non-Course	Non-Course	seitz invari angiograph pure enhanc show differ e move make call click x irregular medic note period chuck scene sequenc imag ray inform top determin dyer g mean film represent use composit poscript motion time trace develop paper ut approach correspond frame li run recov chang steve info camera skip theori
4	Non-Course	Non-Course	ariel tamch
5	Non-Course	Non-Course	vin architectur school data logic databas alt austin term visit home homepag gif cours img third l son use vladimir page network cs ut manag schwetman comput lifschitz dr multimedia harrick project thank texa number li semest user src scienc barua bhanu univers system visitor
6	Course	Course	tu program rahul wednesday languag comp e link check home tuesday teach read examin cours date text compil stori inform exam fischer hour tuth ps tool use introduct fall horwitz interest cs friday ut monday spring homework lectur overview email stat instructor wisc susan kapoor telephon offic li sci assign get info gener edu mail
7	Course	Course	output phone graph begin anyon class archiv octob show wednesday data intend comp c make sophist also home week regist shown code work local java watch four learn chapter featur discuss star grain think cover support notifi definit text way due cdt seminar deadlock swap use marvin excel point memori session mellen said meet ut schedul monday random lectur placement document score ta rob softwar subsequ instructor algorithm howev room bin run primer assign scienc get alway credit first web awar view buy mwf state simul program new news favor oper count replac e link api wesley call race implement section three nov todd help statist cours among secur test inform level direct fast g jame involv oct term solari grade thursday cs file know address describ receiv colloquia public addison peterson directori p depart critic issu histori environ src knowledg chang info univers correct present th bound cshrc structur char mon chan string access zhang check move arnold five introductori ago note one kind paragraph read offset solomon ad date compil topic control exam avaiabl hour log type ps disk demand problem introduct page fall network avail byproduct feel email andrew write dec tue wisc bug thank systemssect find design tr thread copyright late mail segment easi fix name cpu distribut threadschedul author makefil fork familiar languag differ provid congeni sept contain buffer respons market send reserv detail caught creat follow eat thu order partner specif short list tuesday crash edit post librari take pm later outlin sun standard top readi last unix avoid student tung time option includ comput processor refer relat runtim hall ken project hand number space sci offic li summari sep user end day cst edu system packag mellencamp
8	Non-Course	Non-Course	state program concurr jr research languag addit iowa wesley austin year term home work area section ph implement profil seri obtain teach undergradu editor inform hamilton back maintain use time page fall interest member cs ut richard comput lectur function addison vol stanford stand b harvard project algorithm texa book li potenti reason summari scienc orient info univers edu engin
9	Course	Course	theorem wednesday class c linear also home bertseka week teach siam updat text use schedul ut monday homework lectur math etc instructor algorithm assign lee yuh h mwf program e http period olvi cours inform grade thursday cs philadelphia stat telephon info gener r bazaraa www ie uw exam hour michael page fall convex applic overview nonlinear wisc mail url per mathemat gradient athena order list tuesday edit kurt librari jye l york n project ferri offic li semest edu theori
10	Course	Course	handout check copi home follow work mani section one local site teach read viewer examin lab inform exam direct hour servic use problem explan page fall polici cs ut includ file ghost comput document etc instructor depart offic li postscript assign scienc info web ftp
11	Non-Course	Non-Course	search dad sonia home rate week keep ultra take cornel inform page lookin cs ut comput autobiographi depart cool li cricket scienc info edu soon lot
12	Course	Course	addit home due part mentor use ut sorin homework intro document ta may assign get architect saluja architectur news professor wisconsin link mr solut homepag electr kewal help cours dan inform wiscinfo cs file workbook surf depart server info univers gener ece check cae note site madison ii uw date conduct need enrol problem page fall avail email wisc gopher design mail contain exersis send click follow specif pm outlin lab group comput refer project li semest septemb cst engin ftp hw
13	Non-Course	Non-Course	emerald simul tune tester embed research engag wa rout asynchron feedback northwest perform work pin rapid hardwar multi triptych cost prototyp well board usa lab chinook level direct box springbok washington use integr map network layout develop time ut aid previou chip spring scale comput placement softwar vlsi fpga today project algorithm depart current design li toolset self assign scienc co cad univers edu engin gemini system focu clock
14	Non-Course	Non-Course	program distribut phone research logic professor e check austin home west degre advisor institut inform emerson fun hi use automata page fall interest ut address know comput madra receiv contact kedar street algorithm semant depart thank iit came offic li indian bachelor scienc person info tx concurr theori th lot
15	Non-Course	Non-Course	phone texa email cs offic ut ua utexa srinivasan edu home mail vsr
16	Non-Course	Non-Course	effect singular distribut indefinit equat automat research class scientif oper professor wisconsin linear mathemat wi order thu home st work solut ph posit siam v madison dayton special sever algebra part studi l york problem numer error page time interest cs ut pp comput pub vol email ellipt wisc may project seymour depart number hand li summari scienc w mix parter univers edu fax spars system attack mail h
17	Course	Course	microsoft program ask misconduct question c languag oper consult offer feedback home borland click section complaint frequent savitch skrentni cours text compil lab inform algebra last fri use coordin introduct window page fall develop jim cs ut comput overview email fortran softwar instructor lampert wisc depart offic li see scienc jeff info edu system mail
18	Non-Course	Non-Course	state program automat jr grant research class c professor novak construct austin lisp link e reus intellig creat x univ ph scheme artifici connect gnu diagram support weather isaac compil usa lab inform unit use problem expert cs ut k address comput specifi vita softwar write tay b laboratori gordon demo algorithm texa offic li run utexa curriculum scienc server shell info univers web edu fax system physic p
19	Non-Course	Non-Course	architectur program phone parallel research wa stamm languag joel construct e also home work ph jack www jolla pa submit confer vliw yahoo lo support california well acm compil exam level rebecca franklin rd box fetch l washington page interest jlo cs paper ut smt sigplan sieg symposium la workshop comput processor philadelphia stanford hall tullsen susan design depart current find dean li june room postscript j scienc univers edu engin compar fax p
20	Course	Course	class oper handout send home read inform newsgroup group introduct page cs ut ta project assign info system mail
21	Course	Non-Course	gambit data intend year work learn fun snow machin use gambl ut major concept math softwar syntax porter run assign scienc web lot simul program school call section thicken nov express hope cours turtl oct high cs previou taken treasur surf chang next play draw move lisp emphas exam plot tree introduct basic pc dec macintosh background unpars foundat languag scheme hunt list take symbol lab algebra graphic comput peano tay translat number li semest p ftp
22	Course	Course	phone research class multicast c speed data construct q sigcomm paul jeffay connect discuss base support descript well swinehart acm ibm cdt principl carri use mbone session appli meet ut k jain particip softwar harrick instructor may sosp algorithm jacobson texa anderson ieee media j self scienc lan transact h oper moran professor e vector paradigm http liu multi cost govindan f conferenc cours inform level g larg transport prerequisit grade cs content shenker thyagarajan floyd p bach issu effici utexa datagram w server titl info univers gener present th argo journal letter color vin r qbic vic zhang databas diego al read requir control imag topic ms log hour ps textbook page fall network paper osdi face domain queri vol pictur multimedia b venkat design tm san kistler inter channel model collect interact berkeley mail distribut august rout boston rangan collabor weight ipc thu retriev monterey advanc emphasi commun submit scheme list core articl v california gupta lab l time cheriton francisco workshop audio friday includ manag howe symposium et comput processor frame tay mit project number proceed offic li sep semest cst edu engin system synopsi clock
23	Non-Course	Non-Course	algorithm ut comput theori group
24	Non-Course	Non-Course	john qiang page home
25	Non-Course	Non-Course	page philipos li home matthai
26	Course	Non-Course	r program daniel c oper data linear joel e april eric exampl brad ii jonathan f joanna dan exam seminar g ps corey matrix n numer jim cs pst ut paper spring pde comput b p kari mike find li quadrat w adam chuck system intro apr kevin h cse
27	Non-Course	Non-Course	graduat phone prof ritu e home perform work ny sugata take compil cornel welcom seminar price student high page cs ut option address spring mukhopadhyay comput czar smith multimedia contact brian design depart nba scienc univers edu progress theori system mail
28	Course	Course	display winter class show data make entir home paul area work discuss well way use meet ut lectur document room co web program new link good cacm offici miscellan locat sourc inform anoth sieg cs file address u zephyr internet server chang info gener glimps execut databas check intellig futur script site read topic idea ps washington problem page network interest develop begun paper mosaic extra write older design mike mail manual wide provid html bring add send detail sew review follow short tuesday filter kurt l index offic li user see edu cse
29	Non-Course	Non-Course	ball prize theorem class data home x work ok teach part death use point ut k richard lectur approach softwar algorithm texa found john soccer curriculum scienc web furthermor view state philosophi oper professor e call univ ph peter ny locat f cours mean cs mccarthi deutsch taken vote vita press u depart fundament texan utexa w univers fax bound dept logic photo own loss noth moffett qed read bob stephen govern rice page paper email mail reach zero austin mathemat detail short gnu educ usa symbol standard algebra robert time verg microprocessor houston smart comput peano pass prover project offic li mccune boyer fund end tx edu p
30	Non-Course	Non-Course	richard mallori
31	Course	Course	state david wednesday isbn archiv c languag term home sundaram clarif list tuesday teach madison uw pm text inform exam hour introduct page fall tuc thursday cs friday ut grade monday martin stukel mcgraw comput lectur mid north email brian wisc written theoret room offic li assist hill john assign scienc septemb info univers edu theori mail cole mwf
32	Course	Course	microsoft phone class c comp handout make home week work code walter clarif pleas text use ut near instructor may assign noland fill program new consult wesley e section nov cours vectra inform understand cs taken function addison stat greg info gener th mon misconduct check object note savitch read midterm exam wed hour problem introduct page fall syllabu email tue wisc mike find appoint mail languag thu borland exampl tuesday pm build lab algebra window time polici refer deadlin hand sci offic li msteel edu sampl
33	Course	Course	class addit mvi offer handout wealth year home sgi base use schedul ut homework lectur document ta room assign scienc get web program new professor solut help cours test inform static art grade cs deros hypermedia depart info keep read degre ad imag topic problem page markup basic avail mosaic instruct syllabu browser quarter written mail wide languag contain html send click follow mind lab last graphic comput hypertext project cool world li edu engin visitor cse
34	Course	Course	program search languag brain logic actor intellig process solut duplic artifici connect behavior cours requir topic lab exam survey represent machin use problem cs ut file k comput syllabu major vision ai select brief li assign studi natur
35	Course	Non-Course	chan access oper serverless storag perform summer nov connect feeley discuss base read impact acm log hypervisor franklin principl oct network hp cs friday ut file meet paper loew symposium voelker sriram fiuczynski quarter dec sosp romer anderson li tiwari edu present system wolman cse
36	Non-Course	Non-Course	merl phone graph research data year home work summer mactest artwork larri teach pleas fun use mitsubishi layout ut chip algorithm get phd web speak e link angel call electr dan inform involv cs concern creativ public princeton game laboratori info fax gemini th r tester parallel wa bookmark label menu futur bob exam washington page network interest fine gon carl design neil person coast mail march virginia contain rout canada send chairman exampl com past lab maintain norm render time workshop comput pass contact snyder index project current cool li user edu ed ftp cse
37	Course	Course	research class c lead denot make like side home paul work java learn base ml descript well text erlingsson cornel newsgroup tool machin use line ut tech homework lectur document concept competillo math ta instructor admin semant goal assign scienc phd web mwf program oper linda e link call implement úlfar ulfar cours relev inform g hi though prerequisit understand cs concern describ function emac content greg postscript prove environ knowledg info correct logic come note resourc upson requir compil el conduct exam hour type ps textbook interest avail basic carl sml tue design find meng appoint nj languag thu advanc scheme prefer specif ee edit proof librari morrisett pm mf standard talk student group mechan fox comput specifi suitabl refer contact mit project jgm properti book offic li compress user edu theori system studi
38	Non-Course	Non-Course	cgi r program winter china famili logic wang link austin object work lin java ee yahoo munich chen alumni cours technolog cai institut yang öð¹ú¼æëã beij time page develop cs schedul ut gateway address spring comput hong yuan yuanj softwar chines u perl select academi yu depart texa break p li xu engr scienc server univers edu system client publish
39	Non-Course	Non-Course	vin research oper e austin send home click work implement www central miscellan locat support inform involv group page interest capit cs ut file rao comput mine email sriram pictur multimedia tay contact harrick design depart texa current offic li hill utexa scienc info univers edu tx system mail
40	Course	Course	news phone winter wednesday monday class technic comp professor construct link leveson send feedback home friday risk note defens meet descript cours request topic lab inform test standard hour larg studi textbook washington time page interest sieg cs carlson ut develop includ manag avail spring success loew comput syllabu document ta analysi softwar hall may z project design depart offic li non suggest assign scienc adam info essenti edu engin system mail cse
41	Non-Course	Non-Course	simpl homepag home
42	Non-Course	Non-Course	prof research c data linear make home aka code swim taylor yahoo hockey weather updat hamilton map zpl ut texa hill scienc web state apt america oper link mr health lin geijn express white csl laptop cnn cs address dell press depart utexa server jeff info univers cam parallel databas intellig www sign activ artifici law consortium compil topic calvin page experi mine traveloc respect congress religion yellow distribut wide languag html boston austin freedom inc algebra last unit robert concert comput hypertext hotlist van hall sammi project tn world offic li cst tx edu system altavista clc
43	Course	Course	wide home paul latex short welcom exam automata fall page cs ut document instructor hypermedia beam world postscript web cse
44	Non-Course	Non-Course	thing research show c data linear bs side home guy week work regist watch mar think featur never cornel seminar barb cmu use point ut score vagu algorithm get scienc airport david program news yale school preprocessor wisconsin mr st perform implement inform super leav cs file know mac depart hmmm hot info univers fax journal valley parallel love drew wi pl guri read madison institut compil topic rabid amir fri problem page interest analysi write wisc design find nba model physic joe truth distribut author languag metal wierd arch partner return sun talk student group comput marci multiscalar beauti index project offic li edu engin theori sohi
45	Non-Course	Non-Course	pardi przemyslaw program distribut emerald phone research przemek interast music languag oper wa school link year also home pardyak week work area commun connect ne base spin descript compil usa built poland student group mechan washington time resum page interest cs schedul ut paper unrel leadership comput mine grad th etc relat brian project bershad depart current somehow find li run scienc fr enjoy univers edu engin fax system
46	Non-Course	Non-Course	graduat phone research austin year home st ph geeta kanpur institut arora page art cs ut river figur contact texa india utexa tx edu
47	Non-Course	Non-Course	c austin home xxx paragraph main well postal usa remolina hi forget emilio page eremolin cs ut comput bullet vita u contact tay texa break offic li utexa scienc fax web edu first tx
48	Non-Course	Non-Course	program distribut parallel effort contain languag access wisconsin wi bart explor home staff perform st pi madison acm compil paradyn lab inform cdt symbol level arpa css tool oct use super page develop cs csto ut meet poster paper symposium comput hypertext temporari florida approach email relat contact releas tue wisc street project depart san li goal antonio get scienc elsewher see jan info univers edu gener fax dayton mail west
49	Non-Course	Non-Course	jeff shabel page home
50	Non-Course	Non-Course	contribut research class c speed data construct god code java two base purpos ml support acm birman death use horu meet ut egypt evolv softwar origin kenneth found firm web elsewher london e link visit call process mani cost conferenc level volum workstat address spring set know abstract robbert tacoma initi parallel move april vogel platform style compani type aris earli introduct page fall network avail develop paper applic overview multimedia releas design fee model werner collect person court open distribut languag differ weight follow system commun lab standard group time robust includ manag comput processor frame van project isi toler li user end theori flexibl p
51	Non-Course	Non-Course	cgi microsoft heavi construct year yong home latex java wife acm ibm fun javaworld use ut misc perl street nhl texa ieee soccer scienc tcl rank jordan convert state news program tk ph nov homepag gamelan cs river seinfeld p utexa univers brunswick r finger travel site yonglu imag tsinghua michael page network b ac util nba model collect graduat china html austin chicago rutger jersey usa sun last unit fox comput lu contact today number li cst tx edu system visitor
52	Course	Non-Course	washington graduat page cs human ut born offer cours spring comput experiment interact edu home h cse
53	Non-Course	Non-Course	thing jreich august send home homepag instrument ad cornel welcom group page join cs favorit ut dalla janeen eng comput email current texa scienc w univers edu system mail
54	Non-Course	Non-Course	en r distribut hai parallel phone research sytem garg austin home st follow work ph homepag activ read phrase updat tradit lab fun damani use time page network interest dept cs feel ut om dr u contact texa offic li utexa get tx web edu regularli system fax vijay guadulp p
55	Non-Course	Non-Course	finder wa ahoy link home homepag gif jonathan img box washington sieg ut resumé comput hall li src scienc univers fax engin
56	Non-Course	Non-Course	r peke finger apt research class china octob languag technic jiani e link austin year javascript associ home st ph homepag java luo yahoo weather alumni inc visitor sun jyluo welcom student use page network cs ut comput bibliographi perl contact b netscap street today p depart texa li utexa magzin scienc collect univers web edu first th journal h
57	Course	Non-Course	program search usenet archiv net addit wide link visit home click command week review tri kelli paragraph site simtel lab inform exam fun maintain type joke backup might disk use map page interest cs favorit ut word file usual comput softwar viru index space faq world li desautel herald semest compress tourist get user enter humor info web keyword ftp mail
58	Course	Non-Course	washington project david page engin cs ut assign spring kwic notkin introductori edu home sampl softwar cse
59	Non-Course	Non-Course	phone research octob speed work herv geoff support hank acm way part therebi fun evan box use map memori ut k voelker softwar j scienc h program oper size e visit perform debug lie cost feeley level g mean load recent sieg cs file guid depart fundament postscript orient univers fax r laboratoir wa access postdoc logic object trend bull main universit ii tlb institut imag disk jamrozik washington page network interest mike anna mail march name distribut languag order thu v store lab sinc unit joseph comput processor decemb thesi vernon hall project mai world offic li karlin septemb edu engin system
60	Non-Course	Non-Course	display class c home bell work coimag learn support editor metip way part box use human ut transform cooper softwar ieee j hierarch scienc web program engin lauren oper special inform visual g larg baker sieg cs pp depart environ eick crime info univers journal tanimoto wa check yang imag stephen washington page interest devleop june burnett packard steve interact march taz chief languag order submit partner academ bricker usa lab cscl graphic time carlson scale comput van space project current proceed offic li user marla patent septemb edu classif system p
61	Course	Course	begin class c linear aug summer code work qr chapter base teach loan text cornel due matrix use session point meet ut martha lectur score approach math softwar instructor pre assign administr get credit first rank classroom program scientif oper vector best staff scmv three sibley f cours inform g though prerequisit grade kb cs newton file set address id mac sit postscript environ drop w chang adam info materi th ozan alon command one midterm accord viewer upson length date topic exam ms hour ps juli problem introduct stress page euler matlab pc syllabu handl extra b design niko find june assist non instal zcat collect late name distribut add order follow review system partner accept six return tar lab done unix gz time includ plan comput lu van hall deadlin hand calendar number offic li ignor see total edu p ftp
62	Non-Course	Non-Course	truth seek trust thing attend matter class born school love christian arthur lead church home god homepag two matthew law think listen teach mak take mean use time ut know hong compulsori christ u thank number li john see total kong
63	Non-Course	Non-Course	search forum research iti send home process work site dri institut cornel inform ipic page ut file design mike li enterpris server info intern edu altavista
64	Non-Course	Non-Course	juan page alemani home
65	Non-Course	Non-Course	structur effect program jr research languag logic professor dexter home work note kozen report upson cours cornel infer algebra usa fun type ps faculti york automata problem interpret interest cs paper ut includ joseph newton comput ithaca hall algorithm semant depart li scienc phd univers edu engin theori fax
66	Non-Course	Non-Course	kevin homepag home
67	Course	Course	wednesday class link home follow section philip tuesday therefor cover upson cours lab due exam need ps use page thursday cs meet ut comput syllabu room li assign prelim info close first materi
68	Non-Course	Non-Course	thing glanc theorem winter class tim make year guy x week work summer connect smile think teach weather well cornel way mother fun busi use gold point ut manufactur random score ta near spent may door hill tick get scienc respond co sort web beaver ring news program music america school link pyramid neo call visit half listen cours dan oct finley hell snowman cs know figur u brian depart somehow server dept color r finger furnitur daniel object come label paragraph read dream imag topic stop page fall contrast paper seem pictur multimedia june kinda would rain name dad gay sound complet eat follow traffic ee front hair neat japan lab talk student time tell obviou comput mountain anymor theoret quit world offic li see jet edu mit
69	Course	Non-Course	program cs li lisp symbol
70	Non-Course	Non-Course	divis research year also paul work connect subcommitte acm cornel join ut committe algorithm ieee scienc first societi state seventeen program question professor visit complex chosen ph foc special inform vice coauthor stanford depart issu histori sigact titl info univers journal logic associ read serv board control textbook washington young interest paper mom chair berkeley foundat author emphasi chairman mexico california taught eleven unit group time reed symposium comput facil dean current theoret li notr nation engin theori system p
71	Non-Course	Non-Course	david utc research class establish sept e austin yau make home st god label work www homepag let hope guitar life guitarist lab fun busi interest art cs tell ut word k comput hong christoph christ age chow contact tay street depart texa thank number li le utexa get scienc outsid drop univers edu tx fax nation visitor kong
72	Non-Course	Non-Course	sartr apt wi home st paul work nietzsch madison geeri uw jacqu jean peopl ps page interest cs ut martin comput ai andrew b wisc may street scienc edu dayton west
73	Non-Course	Non-Course	r program august research oper speed data wisconsin professor wi sigcomm april home rate st work feedback ph focus connect loop madison dayton cours acm control fast involv window time page network interest lhl cs francisco ut darpa pp comput email lawrenc wisc phenomena project atm depart design san li summari ieee scienc w info univers web edu tabl nation fax mail h gigabit clock
74	Non-Course	Non-Course	research school c languag data databas austin rule home warshaw follow work lane nov activ list confer base postal usa lab inform dan maintain student l page develop appli paper ut arl comput senior u contact tay voic laboratori current texa mike cool li utexa scienc knowledg info univers edu fax tx system
75	Course	Course	class intend handout week work discuss base support pleas well text doit cdt part use point meet ut lectur go major score particip assign scienc get oper wisconsin synchron classmat tri listen cours relev inform level involv grade thursday cs file sheet noon depart sit info univers structur unhappi place keep one read madison topic exam hour textbook page fall choos paper theme write select wisc design name distribut bart detail thu review advanc short tuesday post talk daili group time miller success rest comput care pass facil project sep offic li summari kernel protect day edu system
76	Course	Course	phone wednesday ask ga class archiv comp data lead make q department home basement week code bp geoff ok connect learn chapter base teach ml cover dataset doit due theori januari machin use backprop line ut monday weinberg homework lectur ineedagoodicon concept ta math instructor neural may algorithm februari ieee vi assign scienc web progress program council link refin section empir rumelhart induc help cours inform level akcl reinforc cobweb cs rml spring brr sheet experiment id ai analyt press stat u noon discoveri faq depart postscript server knowledg info gener decis apr dept mon geoffrey logic databas lisp summar start cae april intellig www artifici al jude read institut exam ps textbook cohen explan introduct page network mlj migrat paper syllabu overview email highway write aq wisc printer suggest mail march author search languag genet heurist feedback tip creat nd train mooney edit librari kibler pm ilp lab student group et comput hr relat space project version hand offic li readabl intern edu nip aij mit shavlik hw
77	Non-Course	Non-Course	vladimir page lumelski j home
78	Non-Course	Non-Course	c austin round home ashi let main postal usa page cs ut comput u contact tay texa offic tarafdar utexa get scienc fax edu tx
79	Non-Course	Non-Course	ask research class technic make also work learn support foreign corpor davi cornel part fun transmit machin use memori ut document softwar media run scienc phd web xerox e staff risk cstr far cours dan inform g arpa mean jim art understand cs set remot content server info univers gener correct structur product initi access note resourc read institut investig problem network fine interest develop begun paper write design thank find distribut author languag improv lawyer market order feedback share list dri captur lab group proxi time comput hypertext agent electron contact mit whether project li see end edu engin publicatiion system natur
80	Non-Course	Non-Course	page vlad home
81	Non-Course	Non-Course	search oren reserv home selberg configur tri java com metacrawl phrase control etzioni problem page word greg lauckhart person erik web copyright
82	Non-Course	Non-Course	research class tian technic c data aug topolog home joint profession purpos acm dataset sigmod birch techniqu use ut manufactur cluster document an cooper algorithm room run jan scienc oper proc wisconsin e link st univ ph multi densiti statist grow technolog inform fast g larg mobil integr motion recent cs conf u depart ijcai issu telephon info fax gener th journal dept r zhang databas trend intellig artifici madison compil imag topic young page jianwei interest develop ramakrishnan domain mine analysi branch select wisc design find arm june assist mail distribut china canada submit v miron educ int raghu last student l time workshop robot symposium plan comput thesi concentr space project sep offic li bank bo compress edu classif system p
83	Non-Course	Non-Course	thing program new research esteban c languag wide link austin mr home perform work www scheme main return degre postal usa stephen rice ps snow use resum page interest art cs ut carl houston know random plan comput yet thesi psuedo u tay depart texa world offic li utexa get scienc see alway person univers web edu fax system owl tx p march
84	Non-Course	Non-Course	thing david show buffer prooocessor home histor calvin page interest cs paper ut processor subba seinfeld wisc cambridg nba enjoy edu letterman
85	Non-Course	Non-Course	varghes georg
86	Non-Course	Non-Course	lucknow access love comp wisconsin check wi reserv send home univ saeed mirza kanpur guestbook read madison institut calvin hi oct n time page song cs ut tech sc comput email contact b wisc street depart iit offic li india scienc w edu engin dayton mail
87	Course	Course	winter class born link home global site cours relev lab inform welcom time page sieg cs schedul ut comput syllabu highway refer instructor b tue li assign info nation web edu societi alan cse
88	Non-Course	Non-Course	project cs eng jerri hsu cornel edu home homepag
89	Non-Course	Non-Course	search research ece photo austin home aka homepag electr com site thoma lab inform ed keyword group center cs appli ut comput jthoma public softwar contact laboratori depart texa calendar li utexa scienc jeff info univers edu engin gener system album
90	Non-Course	Non-Course	autom program august research proc wisconsin e move link tether wi intellig home st work confer plane multipl madison v dayton special uw common cover lab dan juli hert graphic motion page vladimir interest develop cs appli ut paper robot arbitrari autonom comput experiment planar geometri vita public terrain softwar wisc laboratori algorithm susan depart version design li tiwari assist ieee postscript scienc w univers edu anim system journal underwat
91	Course	Course	addendum class moran springer handout make home x note solut announc homepag kozen nov upson cours text lab exam talk last ps rubinfeld evan time ronitt thursday paper ut spring homework rajeev lectur syllabu sheet ta instructor verlag algorithm design see modifi edu hw mwf
92	Course	Course	winter c languag data lisp autumn mr work summer solut keep teach midterm mscc cours updat compil topic inform exam hour unix g textbook tanimoto washington use time tent page point basic penalti cs pc ut schedul sieg previou option comput anhai dr smith facil instructor hall project algorithm room offic li assist final assign doan steve info web edu late studi cse mwf
93	Non-Course	Non-Course	state program distribut prof proposit research phone archiv place logic misra construct austin link add visit home work kaltenbach ph taylor site support welcom inform part emerson last ps group ot marku time page network interest recent cs member ut tex develop address comput verifi email softwar inconveni contact tay macintosh b uniti hall depart texa current find offic li reason world utexa psp model scienc checker info univers edu tx system ftp mail appl
94	Non-Course	Non-Course	architectur phone parallel research ece professor wisconsin e wi april home passsth area eric bennett ericro electr madison ilp topic level jame fetch resum page trace cs ut address symposium comput instruct kestrel decemb approach smith branch multiscalar wisc street project confid depart rotenberg offic li bandwidth john j assign scienc steve erik univers edu engin johnson th dayton mail west
95	Non-Course	Non-Course	research class technic show construct home week local weather ray ut ta math india scienc william web catapult fill david news dozen link call mann onion lunch homepag surviv sundaram inform reader art cs variou stukel wait laboratori depart brief trendi info univers santa th astronomi blood browbeck artifici al site madison uw institut page interest choos channel non damn tom steve late mail contain bio follow review factoid specif obtain edit take lab upon tell comput care hypertext relat index hall project hand dilbert li see nation camera theori
96	Non-Course	Non-Course	thing phone research class c show construct charl year dvi home summer java teach ultim acm fischer use minnesota ut martin yet softwar street fink ieee hill found colleg soccer j scienc phd quot first web architectur program school oper wisconsin hailperin e interchang st perform medic section multi technolog inform fast g jame mobil art thursday cs know public humm game nuclear depart sit fan postscript land info univers next play parallel milo wi madison compil imag hour page interest develop applic email foster b wisc design max assist babylon person gustavu dayton mail languag mathemat advanc system specif tuesday confer promot pm usa lab algebra standard student ba l n nfl symposium comput senior upa space world offic li nation edu engin flexibl p west
97	Non-Course	Non-Course	output shinook grant make code work summer connect gaetano use map meet ut softwar scott run j pdt scienc co cad program school oper target sw link staff perform ph nov inform level driver arpa salmon shelf chou info univers hauck embed borriello diego main enabl control topic washington problem develop paper macduff tue design san june name graduat foundat pai detail complet follow wind dri take chinook last maintain robert ross n time reactiv includ processor mountain project li user nation edu system hw west
98	Non-Course	Non-Course	li k alan cline
99	Non-Course	Non-Course	parallel august c languag check base inform robert rdb use time page cs ut runtim mit texa find utexa info edu system cilk
100	Course	Course	phone wednesday isbn class archiv comp offer alt code socket landweb connect teach text map schedul ut monday richard lectur document softwar instructor teitelbaum tcp assign get web h mwf program narayanan professor evalu implement f cours steven inform form csl error thursday cs prior spring rfc stat postscript src w info tabl read midterm madison gif uw toc exam hour img nsp ps introduct ben fall network powerpoint feel syllabu overview email wisc design href bug assist appoint mail ipng name html term complet click review advanc list tuesday lab unix time lhl option comput refer hall project atm ip book offic li sci ol edu engin p
101	Non-Course	Non-Course	page andi wisconsin univers home wisc
102	Non-Course	Non-Course	gerard salton
103	Non-Course	Non-Course	architectur research class oper data professor link austin trend summar classic serverless work advanc ph dahlin xf uc list taylor teach bye read technolog lab inform price rice less disk root page fall interest network cs ut seem file spring comput experiment email softwar b hall may texa mike world offic li compter assist utexa architect scienc person info univers web engin edu system gener berkeley mail tx
104	Non-Course	Course	susan egger
105	Non-Course	Non-Course	r david program parallel august research stafylopati data wisconsin goodman april home st perform nd work wind cost share com holland base editor v lab inform exam multiprocessor tunnel standard g ps jame use page jim interest develop cs workshop ut option kaxira k symposium pp comput processor north th public prolog softwar wisc galileo design sci li summari assist ieee depth tr stefano scienc kiloprocessor info univers edu stein system dept p march
106	Non-Course	Non-Course	research class cecil data entir also work area code summer coke microkernel heidi learn pay base teach support wife way flow seminar fun part alto use join appli meet ut k spent run assign scienc co enjoy client view program new air oper perform optim mani chateau level dead involv defin food high integr intraprocedur sieg cs concern spring receiv vita laboratori vortex depart isol postscript environ orient jeff univers galvin unnecessari letter parallel wa access love object exist split travel flight keep one intermedi compil control exam washington experi interest develop feel word paper palo analysi quarter dec elimin design bug inter adapt model fr valid would western author pure contain languag sound interfac send system whole spin park usa lab maintain group independ scale comput hotlist pass frame predict project dean number world offic li affect edu engin flexibl cse
107	Non-Course	Non-Course	isheldon phone solid e construct austin univeristi aug http summer profession unives www degre inc cours isaac ray inform coursework tool use graphic page trace cs ut master comput decemb concentr softwar frame contact babi project depart texa current li utexa reciv sheldon scienc user person info edu engin mail
108	Course	Course	thing class benjamin home week gaetano think updat synario use meet ut monday lectur document ta softwar instructor may anderson bi assign scienc administr cad credit web weekli h mwf katz new question wesley link e evalu tth announc cours technolog inform static corey especi sieg cs address addison depart comment info eeb univers gener r logic borriello autumn note keep topic exam hour textbook washington problem page interest pc aid quarter design webmast copyright mail author contain send workload feedback mind nonprofit evolut lab maintain time tell comput offic li everyon day corin edu engin system cse
109	Non-Course	Non-Course	research class c construct home work profession connect learn teach acm method frenzi mentor machin limit excel point ut almstrum lectur etc softwar spent texa ieee novic scienc web elsewher utc spurt link organ cpsr special technolog direct scientist understand cs address depart issu utexa univers fax sweden logic check associ travel field main site particularli institut topic ps page fall interest email june mail doctor austin mathemat machineri educ usa maintain student group l time vicki jump includ comput garden contact tay offic li semest tx edu engin
110	Non-Course	Non-Course	move document perman
111	Non-Course	Non-Course	vdl program microsoft research class contain languag c professor construct austin call thu counter work follow far specif draft postal pm compil requir usa exam control padgett driver use window powerpoint cs devic ut pc k file dissert domain comput specifi lpm email softwar contact tay b design depart texa current utexa postscript environ scienc j fax edu tx mail
112	Non-Course	Non-Course	output display viewpoint research c data linear construct charl make home paul area work connect siggraph hibbard base macc bradley lo well way flow bill stereo machin use map point dc ut k jain approach street algorithm ieee vi j scienc synthes co cad synthesi progress rosenfeld rochest societi view program acquisit scientif question proc professor wisconsin e link call implement rang ph period sequenc f cours allmen toward visual shah simplifi motion recent understand cs set spring conf vita press brian abstract yu depart w stewart chang info univers fax correct th kyro r finger basi bookmark input move contour explor intellig artifici main cvpr leader site scene viewer madison uw requir control imag dyer type juli represent problem introduct center page fall interest develop maryland correspond vol lattic b wisc find non model steve dayton bestor mail autom seitz track boston video order nd irregular advanc morgan com v take taught usa int gareth group l n time trace workshop robot comput vision kjell frame space current li user rpi interpol satellit camera edu ed connectionist system p west
113	Non-Course	Non-Course	niko page home
114	Non-Course	Non-Course	writeup graph pure access languag cecil data mvi databas link hello present html check c also home staff thu irregular http department www vass short ne deystvov realli uw compil lab expand slide washington use zpl page recent join member cs paper file k variou mosaic document handl overview relat write ncsa download russian vortex project href depart cool room design li orient person web edu qual system visitor cse
115	Non-Course	Non-Course	program distribut apt c oper data tk databas construct photo market hung field job rivl java ny webpaint wen cornel atlanta taiwan window graphic resum page network interest understand cs paper ut habit bowl develop address plan comput vision still email etc softwar multimedia ea ithaca b project meng li final whkao tom scienc tcl univers web edu nation system background mail
116	Non-Course	Non-Course	r recommend biograph research professor austin improv activ electr read cours welcom inform page cs ut address adjunct comput greg contact depart texa utexa suggest scienc info univers edu engin lavend
117	Non-Course	Non-Course	program school languag professor wisconsin bs year wi home st click work section keep todd teach madison ohio ms case turnidg student oct fri time kent cs ut comput wisc depart li scienc milton w univers edu hold dayton studi
118	Course	Non-Course	cs page home
119	Non-Course	Non-Course	divis program author marathon utc research wednesday micheal finger phone hewett austin year call home visit nd click sawada summer locat learn taylor educ competit tokuda acm collegi hour hi student januari contest time page fall interest bowl cs favorit ut address spring comput motorola grad ai email stanford tay wahl b download hall depart texa jun number offic li finish utexa scienc phd univers web engin edu p nation fax mail view tx
120	Course	Non-Course	cs spring page home
121	Non-Course	Non-Course	finger phone research access professor logic austin benjamin explor intellig home detail tour ph base teach build topic inform group represent use expert map page fall interest qsim cs paper ut robot spring describ plan comput email press softwar agent contact consider b algorithm depart texa commonsens accomplish li reason bjk kuiper utexa world model scienc j info univers edu fax mit mail
122	Non-Course	Non-Course	zuckerman david
123	Course	Course	phone wednesday ask class comp lead home week discuss taylor base descript cover text newsgroup use session schedul ut monday lectur concept ta misc instructor download texa porter door room welch assign scienc get web format news program link section solut homepag nov hope help cours special test inform slide might thursday cs file dell sheet bruce ai mac faq programm desk utexa postscript import server info gener materi th csp mon parallel access check turbo note menu nimar midterm ii length topic exam need hour ansi tp page interest tutori avail fj feel email resolutio tue lang mail addendum glad dwip languag html pai send click borland review follow iso articl post take pm lab last maintain group time unabl stuff option comput decemb dr prolog pascal relat hr today hall number offic li someon total held edu theori p
124	Non-Course	Non-Course	display research data home incorpor work larri support lo way use map ut approach softwar scott pre j scienc phd professor wisconsin magazin link e angel st ph special technolog test inform form level larg expert integr recent understand cs geograph ai u depart augment w chang info univers fax journal metaphor dept logic databas wi reflex intellig artifici madison heterogen control exam represent center page interest develop wisc organiz design june non model implic chuck dayton mail contain travi deduct focus last group manag comput project current li summari edu system west
125	Non-Course	Non-Course	thing program apt search china wang magazin link austin prose thought e check call home st detail univ rock ph work homepag one list return read porsch take well cours welcom inform sea tsinghua unix l use time page fine cs pc ut word know comput pictur write surf design depart texa find world li break chuanjun get scienc chang end enjoy info univers web tx p lot pku
126	Course	Course	graduat program integ c linear wisconsin offer cours inform flow method theori larg last mp l januari michael page fall network mangasarian cs ut variou spring comput nonlinear instructor wisc algorithm ferri li semest info gener spars system
127	Non-Course	Non-Course	david alma research music school duoton link home hero sean siggraph academ main site brad past jonathan neat uw acm stollnitz imag joanna fun hi evan l york washington graphic salesin biolog page froggi interest cs ut comput grad feminist jpower women cool li j scienc divers mater edu ed h west color
128	Non-Course	Non-Course	distribut apt class oper carpet home click summer homepag java ny specif gc seena reduct jpeg degre post viewer cours cornel welcom inform student york graphic fall cs ut k tech spring eng taken comput kerala softwar multimedia ithaca b project algorithm depart current li june colloqium india postscript model scienc practicum see info univers edu engin anim system hoca dept
129	Non-Course	Non-Course	program bilkent logic erdem e austin home area homepag learn cognit esra postal topic usa inform student represent machin interest cs ut turkey comput contact b depart texa reason non utexa scienc info univers edu engin theori fax tx mail
130	Non-Course	Non-Course	graduat program new parallel news research class wa technic circa construct link newslett associ progress click staff univ ph profession karp local half list undergradu intel cours uw impact technolog build lab inform exam peopl talk acm student box mbone washington contest time page cs schedul ut includ master medal comput overview colloquia full desktop affili mural laboratori abstract region project depart li final scienc info univers web engin edu webmast steam nation fax visitor cse
131	Non-Course	Non-Course	rong com
132	Non-Course	Non-Course	big prism finger phone parallel forum research isbn linear wisconsin intend lederman html e wi order also home http huss area univ st www wind keep work mpi editor tar statist madison draft cover steven build tunnel inform standard algebra ongo use page dept interest avail cs ut includ file comput document refer press relat wisc project offic li compress postscript get scienc w info fax web edu would mit dayton mail
133	Non-Course	Non-Course	ut art souther
134	Non-Course	Non-Course	name page phone hummert sid cs offic li postscript sidney j click go edu email mail wisc
135	Non-Course	Non-Course	thing class c literatur year also home guy area work marvel huang watch four pay think editor intel life cornel part happili ut street run found self get scienc spectrum program music oper career island mani solut listen cours steven though involv mean anoth art grade tang master set bruce u internet land univers lego made love check field read wen calvin linux taiwan page network interest face resumé practic segreg age write compat szu design find channel model enter ship name truth graduat sound thu railroad let hunt welcom unix graphic time audio asid comput dr highli unabashedli project li live engin system
136	Non-Course	Non-Course	meghan brien
137	Non-Course	Non-Course	merl phone research c speed data storag work area second taylor support kaohsiung intel director acm ibm mitsubishi ut tech committe placement kandlur harrick may nsf algorithm texa ieee j scienc co lam h state architectur program oper professor career rang ph icdc multi electr cours inform vice csl mobil high integr member cs rostock file address creativ nasa laboratori shenoy depart utexa server info univers fax th bombay bound vin initi databas object diego april icmc main electrospac institut board imag ps disk taiwan washington beij center page network interest develop sponsor rao award applic goyal colorado vol email multimedia select b venkat design san june chair row mail march foundat distribut china csm rangan austin commun confer california inc usa lab sun ftc l workshop audio symposium scale comput electron contact hall toler li summari pasadena end cst nation edu engin tx system p
138	Course	Course	design fall page kehl cs found web home cse
139	Course	Course	wednesday grant class octob c also home code learn larri descript cover faster well pleas text majordomo machin use zpl join ut lectur document etc syntax algorithm run found scienc close credit web assum state program new modern dramat scientif e link staff perform rang debug none cours choi inform fast scientist g oct simplifi art sieg cs workstat subscrib remot guid fortran info materi supercomput parallel platform loop uw ad compil topic sung zp array page interest develop matlab syllabu variabl eun write releas quarter select elimin design mail distribut team languag send follow commun specif prototyp pm lab unix recompil loew audit comput easili reli suitabl relat snyder block index li user engin previous cse
140	Non-Course	Non-Course	architectur laru phone research languag wisconsin link wi home byte eric wind schnarr hockey descript madison usa tunnel page jim interest cs dragon ut comput function wisc street design depart li assist scienc univers edu dayton west
141	Non-Course	Non-Course	david young
142	Non-Course	Non-Course	valu initi program grant august dynam c languag produc data target detail perform code work section cost imper base spin loop offset uw compil inform exam eventu dataflow fast part student group machin washington use load time member cs paper ut describ comput approach relat pldi releas branch region project design li run pre info gener web edu patch system bound
143	Non-Course	Non-Course	research solid make base support lo acm cornel sal cdt method part techniqu use shapiro appli ut k manufactur coe algorithm scienc phd credit web spatial seek program new engin vadim wisconsin e professor career best jpg call http portrait help inform thursday cs address phenomena depart deal engr info univers fax present journal dept tel product r aspect object wi april jul madison uw need ms represent center page interest develop aid practic geometri vol browser wisc design model mail relationship graduat foundat search effort csg engineeringunivers contain languag univeristi mathemat term thu profil california lab algebra maintain mechan ongo ba l york includ comput chain index today space project current li nation edu collabor system cnc
144	Non-Course	Non-Course	wood microsoft data alt year home week watch learn taylor yahoo support weather corpor life map ut martin cyberdog robotlab softwar spent il texa scienc web client news program new school salon call onion dave ph alta period stone catch listen webster pound mean wrote cs cardiff mac dull game brian cliff depart fiction utexa road jeff info univers résumé chaput play sleep databas lisp annoy lyco site read dream phrase institut catalog represent paper movi email worst write b non mail appl brain austin chicago tour hang scheme hair symbol lab student robot comput hypertext odesta hall project version cool li tx edu system studi
145	Course	Course	phone wednesday research class zhu octob literatur intend larger avinash make aug week watch discuss macc cover well text doit use marvin must point sridhar schedul ut monday meet richard lectur document major consider result may algorithm room get scienc lee jordan assum simul news pang oper copi listen todd statist cours relev secur inform level jame less oct salmon grade thursday cs jim file address experiment nag public noon sit desk prasad info presen present structur zhang wang craig worth read solomon requir topic exam avaiabl hour textbook michael fall basney paper biswadeep theme email smaller write dec wisc design tr raman suggest sodani cao person equival taxiao mail distribut suffici provid wei term detail click thu review advanc munson list tuesday chen pm build standard done daili group time friday normal comput care space project sep offic li final summari semest total protect cst edu system
146	Course	Course	cpu program logic link organ home tour cours inform ps introduct page cs ut homework comput lectur linker guid smith brian project design li spec postscript assign info edu system procedur
147	Non-Course	Course	phone research wa home ucla pm ed tuth hour dive page cs ut phil email sail wisc current offic info appoint edu gener mail atkinson
148	Non-Course	Non-Course	finger research c austin best svkakkad call home storag work implement ph somerset hardwar kakkad taylor support v sheetal pleas swizzl inform standard way reach part group januari use center time page avail member cs ut address comput motorola email contact fault may hall design depart texa brief offic li utexa postscript see scienc info univers edu tx system mail oop
149	Non-Course	Non-Course	graduat distribut syu apt finger class china octob school check link austin classmat home ph www homepag weather tsinghua student use sale page art cs ut know address comput ustc h email contact voic today academi yu depart texa sci li internet utexa scienc univers edu ed th mail visitor
150	Non-Course	Non-Course	structur simul program display research class thrive oper data databas e optim summer masafumi java report site ie ii cornel lab inform sector techniqu use graphic introduct resum fall network polici cs ut polygon manag spring independ comput suzuki softwar multimedia browser revolut project design li nba model info web engin edu system
151	Non-Course	Non-Course	r output c bookmark e austin year term home click area ph nimar min look hi l arora page interest art ut know score h contact max number li get phd tx visitor
152	Non-Course	Non-Course	artifici li ut lab intellig laboratori
153	Course	Course	attend wednesday c data home work code discuss chapter teach cheng updat key use ut monday vega lectur ta algorithm tw comparison found assign scienc get stack jia web oop mwf program oper e link thur copi solut announc locat help f cours inform jame error jim cs jiacheng file appendix psycholog lec w info tabl materi reload structur r mon futur queue skrentni read compil topic exam hour ps forget tree adt problem introduct page analysi browser sol wisc makeup copyright skip search alloc stale binari handin bail list onlin kurt pm lab hash last unix time comput number offic li see end edu sampl
154	Non-Course	Non-Course	thing school year work keep think editor read anyhow center time mine press write arm li mess publish letter
155	Non-Course	Non-Course	henzing tom
156	Non-Course	Non-Course	kevin hinshaw page home
157	Non-Course	Non-Course	yu feng
158	Non-Course	Non-Course	krzysztof stop number thank cs c lab info inform zmudzinski poland pictur student visitor son
159	Non-Course	Non-Course	program research c logic austin home main onlin nonmonoton mccain postal usa ms student ba baker norm vladimir page interest cs paper ut comput lifschitz vita u contact tay texa commonsens expect offic li causal utexa postscript colleg scienc phd univers edu fax tx natur
160	Non-Course	Non-Course	phone research c kodukula data work base richter support siam architecur well acm prema cornel method machin map ut k softwar ithaca algorithm toolkit room j scienc co nikosc h state simul program scientif e pingali hu ph ny f g load cs master spring pp public vineet depart environ mimd gener univers fax watson th brunswick sensit ahuja r parallel wang vii april purdu field menu amr al ii institut compil yang ed rice ps problem center page paper domain colorado vol design niko june adapt model thompson joe foundat distribut nj advanc v lab student l n workshop et includ symposium pde fox comput dr bernoulli hall project current li end fluid nation edu engin theori system p
161	Course	Course	r buse program initi parallel cachecoh cach pentium c net thorsten check start split home perform tomasulo thread msgpass report mpi von pleas cours technolog idea inform mpp case maintain propos machin use high page cs paper ut pred eicken spring homework io comput scoreboard lock sp spam u project atm superscalar find li br sort info sampl materi system intro emd
162	Non-Course	Non-Course	washington research ut comput univers mobil
163	Non-Course	Non-Course	thing data construct burger year volunt also home storag guy week work wiss pay star everi reviv way part fun use appli meet ut occur softwar except tyger run administr scienc william get enjoy web architect david new news notic school oper wisconsin visit call dave implement solut gate help inform tiger though thursday cs hau address experiment geograph game depart fiction road server chang info univers moon apr play uwvax parallel sleep forth databas wi label www site read degre madison uw control imag type page famou develop word roll pub poem tue wisc design util shore model oql campu aircraft usenet sql provid sublim bolo railroad follow hacker dewitt friend store take usa lab sun unix rather last whatev time tell semi comput care woodwork relat josef project old hand oddbal beer world li number user cst edu engin system
164	Non-Course	Non-Course	wa year omid home work madani keep chateau citi uw ya box washington page cs ut countri comput ai browser b depart li see scienc enjoy univers edu engin theori
165	Non-Course	Non-Course	posnak ed
166	Course	Course	class contain offer link vii aug iii explor home x follow note nov deboor none v f ii well cours iv doit due inform hour oct numer time fall page cs concern carl homework lectur math email analysi relat stat dec wisc index version depart current sep offic li vi assign w chang info edu mail mwf
167	Non-Course	Non-Course	thing wa move traci year detail return help institut usa captor sinc box washington cs tracyk ut comput vita depart li scienc plight end statement univers edu engin
168	Non-Course	Non-Course	daniela page home
169	Non-Course	Non-Course	finger check austin make work ph bookshelf verifc shaob student fall network cs ut shma know comput vlsi contact project depart texa final utexa scienc univers edu tx valley
170	Course	Course	output attend holiday scalapack class data midkiff home cyclic ruth discuss jason brad majordomo cse seminar ut monday cooper pldi cross bordawekar program oper e zhou adv integer complex perform hope choi cs set subscrib lcpc environ parallel padua ppopp sean al loop read date iv compil sung ramkumar presentor page matlab pc paper driven eun quarter model mail distribut send tuesday core gupta pm lab fahring et reed loew sc comput blumof runtim block snyder li septemb edu system cilk
171	Non-Course	Non-Course	search parallel nervou research wa c rout speed brain professor photo make associ visit home signific eat work rock electr kwb teach spend take life usa sea part group box spu washington map time anoth page cs paper ut previou chaotic comput depart current find coral li non get scienc see lan univers edu engin explain system kevin
172	Course	Course	illeg wednesday research class data construct benjamin entir home x week work latex summer learn chapter base teach cover text cornel way due bill part principl use amit schedul ut mcgraw amith aguilera homework silberschatz cluster document concept ta instructor hill get scienc sort credit first marco vector link roughli textual process solut ullman cours inform peopl larg perot prerequisit salton grade member cs thursday file set spring know receiv press yamasani depart break fundament prelim knowledg info univers materi databas five april note one read phrase upson date control topic bob exam hour type ps introduct page avail spg paper domain queri clearli singhal write b design want find model late mail march relationship name recommend sql languag elmasri weight send reserv term feedback retriev follow advanc submit accept exampl submiss tuesday crash return edit minut pm algebra hard hash third group ross time polici includ smart comput refer relat index space book offic li semest see edu system thesauru
173	Non-Course	Non-Course	ny apt august cs offic k address ithaca cornel univers edu home vsm th fax vijay menon hall
174	Course	Course	microsoft program phone hummert sid misconduct c languag oper object rm home borland section walter nov savitch statist cours text compil lab due inform hour ps fri textbook window problem introduct page grade thursday cs ut monday mosaic comput email psych softwar instructor contact wisc offic li lec assign scienc day info edu system mail mwf
175	Non-Course	Non-Course	research class data construct home work typic pleas part metadata use ut k lectur transform approach breadth softwar texa run get web program utc professor e visit perform refin mani ph period tokuda inform g defin member cs file reflect ssgrg avion utexa postscript jeff titl info gener product databas check start genvoca note read pattern ps page develop feel paper domain overview design model march relationship distribut contain term bart thu order follow tar take lab algebra welcom batori group time includ manag sc scale comput relat contact index project sep li compress edu engin system p
176	Non-Course	Non-Course	distribut august china wei bookmark professor year home weichen work ph membership ny academ chen degre upson cornel tsinghua ps group student spare time page network interest cs ut comput detect ithaca hall fault algorithm depart soccer nba scienc univers edu bachelor system
177	Course	Course	execut program automat research class languag literatur lisp home kind specif learn consist read cover cours latter compil given lab level part use problem introduct match cs paper ut long homework lectur syllabu ordinari hand li semest assign orient gener materi bibliographi system
178	Non-Course	Non-Course	topic interest
179	Non-Course	Non-Course	program distribut parallel search apt ethernet wide show c data databas bs screen home st http implement www wfinger ny global pelenur teach platform upson compil cornel sun fast summit ps demand emilio use horu center motion page network recent develop cs paper ut comput document commerci write ithaca fault may hall project toolkit current atm design world offic li assist compress administr scienc server univers web engin theori system edu fax julian color
180	Non-Course	Non-Course	ny depart nikolay cs li ut upson scienc ithaca comput cornel univers edu mateev ps juli hall
181	Non-Course	Non-Course	jia page wang home
182	Course	Course	search class question intellig staff kushmericknick weldweld artifici resourc learn read cours outlin build topic dan exam hour represent machin messag friedmanfriedman page fall sieg cs ut address comput ai agent quarter select index marc li depth assign scienc see mail cse tba
183	Non-Course	Non-Course	page deyu home
184	Non-Course	Non-Course	c gallagh suzi
185	Course	Course	theorem graph research other year dvi home work latex code connect uniform think base teach cover text due matrix machin use meet ut homework richard lectur major chose approach pertain consider instructor result may algorithm howev anderson assign get progress program e tth section half cost cours special inform either fast consid art sieg cs thursday address spring nice content comment mix info gener correct supercomput parallel access start april note ja choic al could requir look topic exam log hour influenc catalog ps interconnect manuscript washington problem introduct interest develop paper feel union syllabu write select design find sens non model smpc would mail contain term follow ram emphasi energi list tuesday plu taught lab time et uninterest comput happi relat project number mayb offic li see edu theori flexibl p cse
186	Course	Course	contribut microsoft holiday phone wednesday ask research class octob show intend make cheat home week work code four learn pay think modem base descript cover everi well text way due part particular pointer machin use techniqu point ut monday anyth lectur go major fail etc softwar syntax instructor except algorithm howev via room run tick assign scienc get outsid respond credit web noland assum weekli mwf matter program school question consult e rm approxim risk st good http solut section tri help statist f cours relev keyword vectra inform either test messag understand solv cs prior know address fortran wait depart night programm primarili import w discov knowledg jeff info th structur finger simpl misconduct friedman check start cae come note www one elementari menu worth relief read board compil topic koffman exam dorm ms hour textbook problem quota introduct page experi interest basic disturb instruct syllabu write wisc printer non packard login hewlett exercis dayton mail campu name open search wide languag contain html emerg send click follow configur specif onlin print edit pm taught lab done avoid student window time friday includ normal comput gradesheet contact lampert hall hand dilbert world offic li littl see end edu engin
187	Course	Course	microsoft phone wednesday class data home work hui teach yahoo intel ibm doit mother machin use suhui abandon excel map su ashraf ut monday rehnuma ta softwar origin ratliff instructor teitelbaum fink tourist get scienc web news professor wisconsin e link section announc kelli geeri cours account jame leav grade cs set address wf chiang depart tsioli w univers dept jyothi aboulnaga r databas cae explor paragraph site read madison uw control ed exam compani hour ben fall page enorm match email wisc without find tr desautel packard agupta hewlett mail name search differ provid send click borland follow list bockrath return gupta mf maintain window time rahman jherro jfink mw comput cool world offic li semest end edu keyword
188	Non-Course	Non-Course	place e photo invit send visit home nuprl work java learn take tire welcom page art rest game project world pavel mail play
189	Non-Course	Non-Course	li julia page home
190	Non-Course	Non-Course	two program page fall todd cs teach plug contain wealth uw sinc mathemat info inform home section homepag
191	Non-Course	Non-Course	name graduat program ratan wa school love vivek html e leveson jon work java bauer uc academ kurt preview uw usa way inform fun student box washington use page recent interest seattl cs human ut includ describ comput safeti nasa softwar b kepart design depart li user postscript scienc humor ohlrich cad info univers web engin edu interact heimdahl fax berkeley diagram background
192	Course	Course	begin avl town learn cchin base pleas must away point header go document major ta except download algorithm room run valu news size best copi visit solut capabl account form classnam previou app girl chang univers correct color www menu midterm date topic log type carrano develop email appear max find sunday dayton mail name wei html specif tuesday pm readi unix window polici book offic li septemb statement studi output attend graph wednesday class show data make also frank teach well machin session schedul ut obey monday homework lectur pr howev vi goal assign scienc format state question count st section period inform mean load tang profici file cycl id gener bound product classwork aspect zhang input label one give situat read loop birthday compil need superfici introduct fall interest stodder goto wisc design assig skip easi graduat contain languag send order follow gdb accept list dewitt later sever avoid includ comput index extern semest end edu tba thing c handout construct home week work incorpor summer four think descript text use etc spent street j get respond david e http debug statist mention g clariti prerequisit unawar understand jim facet know fortran depart break desk w info materi place ioannidi five field hour govern problem experi choos paper extra write floor would late search suffici bring weight detail femal scheme demonstr edit taught int build talk student becom friday easili project sci see intern phone isbn addit suzan comp chin cheat code cover doit convey due way key grad inputfil consider absolut instructor may program suppli ghostview chemistri call announc express help f cours weiz structuresfal test level yanni anoth grade thursday cs address function women wait necessari present th possibl logic photo entranc note activ madison style uw requir hint exam opaqu page avail handl bug scout nd let take min lab modular top hash group time robust tell behav still pascal electron contact trip user system
193	Course	Course	distribut simpl aspect size offer link progress signific vogel work complex rang descript take cours inform internetwork hour varieti student use page network interest develop cs choos ut basic instruct go practic content project hand design find comment li get practicum werner info tabl web interact credit system earn studi offcial
194	Non-Course	Non-Course	locat page inc server person home walbourn web chuck
195	Non-Course	Non-Course	hu lan ching
196	Non-Course	Non-Course	phone born c linear dvi home x work code teach weather way particular box machin tex ut honor softwar berg algorithm comparison expect run scienc phd bachelor format bloomington state program apt utc school implement solut stefan inform g printf sieg cs address spring u postscript info univers fax th germani char finger wa bookmark field byte activ ne date compil washington page interest sgberg email pictur b gcc qual mail ch contain complet moment share print return past v indiana unit time comput north fals hall project current li see edu studi cse
197	Course	Course	winter ask research class c cecil handout year home week use elim meet ut homework lectur document ta etc cfg instructor found assign web idfa format program rtl implement solut f cours test inform dead sieg cs file vortex postscript import w info th craig read compil exam hour washington page interest tutori avail quarter sent fr mail languag html leon vass chamber list front meb standard time includ refer frame offic li end edu sampl cse
198	Non-Course	Non-Course	campu tel graduat microsoft news sigir class china music languag e link austin luxu sigcomm home work area univ www hunt siggraph com site weather acm institut sigmod inform compani tsinghua studi addr page network dept cs ut comput lu h ta contact depart texa cool thank li ieee xue utexa jan live scienc info univers edu tx system mail buy
199	Non-Course	Non-Course	research wa home half softbal segal softbot box washington page cs ut richard comput overview vita pictur depart li postscript scienc univers edu engin
200	Non-Course	Non-Course	phone research c languag data wisconsin databas link wi home click satish chandra v madison usa log g york time page interest altavista cs ut movi italian comput wisc street depart li summari assist nostalgia see scienc univers edu p dayton cultur west
201	Course	Non-Course	cs page cse home
202	Non-Course	Non-Course	page jignesh home
203	Non-Course	Non-Course	research net technic show c cm australia aug code connect mpi think base support pleas well acm ibm cornel grzegorz flow part alto machin use gold schedul ut k eicken document throughput softwar comparison ieee progress symp ring paragon architectur state program pittsburgh oper e round mb perform ph cost aix lib f von inform fast level feb messag phase art cs file risc know u vineet z brief culler chang info univers th parallel access thorsten goldstein split meiko pa activ site read ii overlap compil control exam mpp interconnect page network interest develop paper word poe palo czajkowski instruct design find bandwidth model berkeley coast chao tb distribut languag buffer send order detail click let commun focus tar prototyp california int sun top talk standard avula l coordin time becom includ scale comput processor sp micro pass contact block project trip atm li spec user see basu end edu system packag hpam
204	Non-Course	Non-Course	mukherje shubu page home
205	Course	Course	wednesday ask class data handout make home joint week work local java two imper learn think base teach cover well cornel way due wherea simpli onto machin use techniqu password memori voskuhl meet ut happen monday random lectur go major concept score ta chosen download algorithm run goal quicksort assign scienc credit web state matter program modern consult oper professor e staff evalu good paradigm implement solut rang period half express http catch hardcopi help f cours capabl justin dan inform either g jame grade thursday cs recurs id public mac depart immedi break sit environ prelim server orient chang info correct materi midnight dynam access check mutabl object introductori come www one site read upson requir date compil topic exam pattern hour type ps textbook problem introduct earli page fall develop match pc word applic skill clearli email write browser b want model person background late exercis mail reach free appl name transfer august contain languag provid send order thu complet borland follow inherit submit accept exampl focus tuesday return take pm szewczyk symbol lab arithmet growth robert window time polici tell ho comput facil electron hand number current offic li conot final dylan user see total held edu system studi tba
206	Non-Course	Non-Course	phone research net data warn home work base support endow industri competit sigmod naughton amit ut mdd utah cooper softwar il run scienc phd bachelor program council oper wisconsin link st perform ny sourc help f technolog inform larg cs master infrastructur trier mumbai princeton prasad postscript server jeff info univers bombay dept protocol initi wa bookmark logic databas wi activ madison consortium date institut ps page network interest paper madra email multimedia dec wisc person olap bibliographi mail reach name marathon jeffrey boston chicago nd confer onlin articl garfield york comput karthikeyan relat asha offic li spec intern edu engin nation system
207	Course	Course	wood david attend phone wednesday class wisconsin bart april call thu follow week perform java discuss pei madison miron requir imag secur seminar hour time jim cs schedul ut file monday friday spring miller comput lectur livni overview email pictur noon instructor wisc februari written depart break bach offic li internet jan assign scienc client chang cao server cst univers web edu system mail march
208	Non-Course	Non-Course	research class c bs year home head haizhou taylor acm ut martin algorithm texa room ieee jan scienc cad h news hai size professor e zhou visit staff st complex optim ph period homepag jose f inform cs river vlsi depart utexa w info univers compuer th r logic www institut ms tsinghua amir page interest zhao aid israel design find san non model mail alan campu search china austin mathemat focus confer chen sinc student group bulletin comput contact hall number li tx edu engin p
209	Non-Course	Non-Course	winter research wa school oper link vii aug scalabl home st perform work x summer chateau guitar baer lab student box washington use page network interest recent cs jim ut includ thekkath paper voelker comput otter th hall project romer depart room bershad atm offic li cambridg tcp trees lee scienc nw etch alec univers edu engin system wolman play
210	Course	Course	research class intend make second two discuss macc cover well text doit use point schedul ut lectur document major particip etc assign scienc first buy oper count perform implement solut cours relev secur involv grade thursday cs file variou spring experiment desk info present report read requir topic exam linux hour problem choos paper suno theme design suggest appoint distribut team detail review advanc list tuesday prototyp compon pm propos window includ comput hall project hand instead offic li summari total protect edu engin system
211	Non-Course	Non-Course	c work walk base support descript flow box machin zpl line ut concept acknowledg etc via run scienc web program new scientif help f inform fast direct scientist peopl level member cs fortran depart prone chang info univers modifi parallel wa check autumn higher futur loop uw compil control washington zp introduct paper conclus overview write browser region without find would languag detail usa group small comput shorter suitabl relat index project ideal li edu engin sampl cse
212	Non-Course	Non-Course	program research c logic link austin home msc main onlin nonmonoton draft librari postal usa inform student ba represent vladimir page interest avail cs paper ut comput lifschitz vita turner u contact tay hudson texa commonsens expect offic li causal utexa postscript colleg scienc phd info univers edu fax tx natur
213	Course	Course	contribut microsoft holiday phone wednesday ask research class show intend make cheat home week work code learn think base modem descript cover everi well text way due particular pointer techniqu use must point ut monday anyth lectur mid major fail go score etc softwar syntax instructor except algorithm februari howev via room run assign scienc get outsid web weekli mwf matter program question consult seven projector e rm approxim risk st perform good http section solut tri three help statist f cours relev keyword vectra inform mean messag understand grade cs id fortran wait depart night programm psycholog primarili import w discov info th structur finger mon misconduct friedman start cae april come pg www menu relief worth read board compil topic koffman exam dorm ms hour ps fri textbook problem page interest disturb dissert write wisc printer non packard login appoint hewlett exercis dayton bestor mail campu name open search elig wide languag contain html zero emerg bring term send handin click follow specif onlin edit pm taught lab algebra gareth avoid window time friday includ normal comput gradesheet pass contact hall project hand current dilbert world offic li final curv see end edu engin
214	Non-Course	Non-Course	architectur r program parallel research stamm speed joel e check workload order affair home perform work jack pa submit list hank lo uw compil simultan lab conduct fast level maintain rebecca unit rd fetch context l washington use problem page jlo microprocessor cs workshop ut smt chip face symposium comput processor overview still philadelphia throughput stanford today tullsen project susan dean multithread li june postscript j santa edu p h
215	Course	Course	winter class c offer item home summer code work think updat use raini earlier ut bounti martin homework lectur document major handbook may run assign scienc credit web program new link staff solut miscellan preview help cours test inform slide static messag especi art cs previou spring mac hypermedia depart comment engr info univers check autumn keep menu activ tompa midterm degre board exam hour textbook washington problem ben page avail match word syllabu quarter demo find webmast copyright mail search wide contain send click tip mind nonprofit short take balloon lab welcom bulletin time comput relat world offic li final see edu engin cse
216	Non-Course	Non-Course	l karen karavan
217	Non-Course	Non-Course	campu news program search entertain phone research languag bookmark professor tk e austin career send home tour ph giant java liu exampl taylor site yahoo acm inform exam unix last hi rosett student group hqliu center page cs meet ut martin address mosaic comput guid email perl chines vlsi contact huiqun societi wong design depart texa world li internet ieee utexa scienc cad info univers web edu tx tcl mail
218	Course	Course	foundat program coq class bowen chief differ logic html e lego make plain order april good phl nuprl mani sawada exampl report taylor qed support hope help nelson examin base cours pair text test exam algebra method g type tool backup samuel use page cs ut includ spring comput specifi oral otter approach instructor select prover project via number world li formal ruben manifesto boyer assign galoi interact web edu theori system blurb
219	Non-Course	Non-Course	phone research data goodman department home grain support base ibm flow use sequenti memori ut chip grad handbook softwar street scott ieee india gurindar j get scienc transact cray architectur program engin oper target professor wisconsin e paradigm perform ph ny electr todd technolog fast level g franklin vijaykumar load understand cs file risc address chiang sohi press sriram smith ordinari depart effici postscript univers fax watson th r parallel access friedman circa pilani wi split april report guri madison institut compil control investig ps mp interconnect center page network interest develop fine sigplan applic instruct branch chow bulk b wisc design inter non lebeck bandwidth model dayton distribut effort languag zero austin order detail traffic focus confer educ ilp usa talk rd group n window symposium comput processor micro prolog frame multiscalar current offic li summari compress edu serial system vijay west
220	Non-Course	Non-Course	project develop research paper direct curricula mission cornel peopl zeno softwar multimedia group
221	Non-Course	Non-Course	
222	Non-Course	Non-Course	holiday government link year call home homepag script millett express ny v cornel inform rebecca oct develop cs ut know copyright comput pictur ithaca old depart find li scienc pgp person info univers edu lynett west
223	Non-Course	Non-Course	research lead also home code work base well use appli ut random math algorithm j scienc proc professor wisconsin e call st complex ph secur test inform error cs conf vita press depart bach effici dna w info univers fax th product string wi eric one condon madison exam automata problem euler page interest email wisc design find model berkeley dayton mail search mathemat click creat follow transmiss v california algebra tell comput number theoret li summari edu theori mit
224	Non-Course	Non-Course	anyon research archiv born lead year also home oopsla imper star editor cover well acm due lopez box machin meet ut constraint breadth softwar oregon run bologna scienc curriculum phd kaleidoscop program school speak link benson jose f sieg cs previou address spring vita brian verlag portland depart depth orient univers fax wa freeman uw institut topic ps washington interest tutori develop dissert applic email design san mail alan march august languag springer gu respons advanc submit academ california usa top collector comput hall li camera edu engin system cse
225	Non-Course	Non-Course	cach research wa travi side home craig work keep half spin help take cours usa mechan pool washington time page understand interest cs ut comput press quarter project depart current run scienc fr univers edu engin system cse
226	Non-Course	Non-Course	perspect research data intend construct make optic home work hoofer learn base teach cover dacc pointer machin use techniqu map point ut honor major transform softwar instructor street algorithm administr scienc credit web minimum assum program new school projector wisconsin e call http section cours keyword inform g wiscinfo error motion solv cs prior spring minim vita fortran u zealand depart postscript massey knowledg orient titl info univers fax structur r finger simpl logic wi explor intellig rigid invers www one elementari artifici scene madison uw requir imag exam type dyer coursework survey problem introduct page experi interest basic dissert instruct write b wisc non assist nextstep model fr dayton bestor mail search wide languag click restrict advanc sfm posit unknown multipl librari inc educ taught given lab welcom algebra done consent gareth student group graphic time navig robot sc comput vision project number duti instead li littl world essenti edu engin camera system west
227	Non-Course	Non-Course	page million li html move dan berkeley edu home http visit dglaser www
228	Non-Course	Non-Course	jazz probabl search duan possibl oper check link home advanc homepag thayer packer brad uw welcom seminar mclaughlin use neglect page network interest cs et ut comput dr much email may find world li le j model scienc thec web engin would system intro altavista mail athlet
229	Non-Course	Non-Course	divis research addit year home week work area jack base support descript newsgroup seminar part use join appli ut cooper scal spent street may campus toolkit via administr scienc co web devot format speak oper wisconsin rm best visit staff ann help inform expand level cs address reloc u discoveri depart potenti internet w orient info univers present gather wi diego one report site read madison request uw topic servic page network interest develop feel email respect write branch wisc backbon find san june assist scout background dayton mail graduat foundat open send matthew list focus filter edit multipl inc educ lab sinc calcari group time merit includ comput agreement contact project susan li user see end nation edu intern system natur
230	Non-Course	Course	ken page kunen home
231	Non-Course	Non-Course	simul hauck parallel embed research wa rout asynchron year also work pin rapid hardwar multi triptych prototyp well board usa chinook level springbok washington interest develop cs ut spring comput applic th vita softwar fpga project design depart current scott li june assign scienc fr co univers edu engin system
232	Course	Course	phone class technic addit construct leveson make also home x work head discuss learn teach support descript industri updat latter way due part cmu use session meet ut ensur document approach etc softwar instructor howev assign administr get enough first architect program new oper professor organ risk process implement cost cours portfolio boe test larg clariti phase understand sieg cs member primari set experiment expertis necessari issu augment chang correct creation specialist play product regular embed exist www one platform uw institut control topic conduct exam realist hour washington page role develop leadership analysi respect write quarter design assist non model interact mail search track languag provid deliver respons feedback statu review commun exampl specif take act outlin sever avoid student group time includ manag normal success plan safeti mainten project current duti offic li user see end readabl essenti edu engin system studi cse natur
233	Non-Course	Non-Course	name finger url search phone wa get artist year visit michalowski chamberlain résumé work keep locat bam site brad guestbook friend edit take uw look institut test ps washington use time stop page song interest sieg cs favorit ut seattl thrash dept know random file comput grad hotlist worst poem brian depart find number girl offic li thank linguist scienc pgp quot co person info univers web engin edu mail visitor cse
234	Course	Course	david program phone misconduct archiv c uncomfort handout link object wesley check click dave borland code work solut section walter list academ savitch read statist help pleas text lab hour ps oct tutor use problem window page polici cs meet ut stuff comput syllabu th ta email addison etc softwar press instructor tue wisc may publish offic li assign scienc w chang get info gener edu reload noland mail melski mwf
235	Course	Course	phone winter wednesday wa class leveson home paul section karp tuesday teach midterm jonathan f cours pm usa lab part hour novemb box washington ruzzo fall sieg cs thursday ut previou loew spring homework comput lectur acrobat instructor browser b nowitz depart beam po offic john postscript assign scienc w get modifi univers web engin edu sampl eeb johnson cse mwf
236	Non-Course	Non-Course	swartz page jonathan home
237	Non-Course	Course	simul distribut nathan wednesday condor make send home click review anyway section www bockrath onlin site support teach jpeg neat pm hour page kb cs word ut schedul monday go email viru b wisc project depart offic li internet model info held edu back joe system mail mwf
238	Non-Course	Non-Course	li califf mari
239	Non-Course	Non-Course	wisconsin univeristi wi home btech madison institut usa student page sashikanth cs ut comput vm dec wisc street project depart chandrasekaran csashi june hill scienc septemb univers edu dayton west
240	Non-Course	Non-Course	research c data home perkowitz learn base segal softbot etzioni machin use terranc ut umass richard keith softwar algorithm comparison room ieee run jan scienc phd william web state program wisconsin e cacm st multi locat white relev inform food high expert understand seattl sieg cs file incomplet bruce ai greg voic discoveri faq depart fiction brief ijcai internet effici postscript innov knowledg info univers fax gather parallel repositori access oren databas move photo intellig selberg field www law indic jonathan stephen servic juli washington center page network paper planner autonom mine wisc mike without brook packard statlib erik fact sparc hewlett mail search august usenet wide contain html bio sound hunt aaai multipl inc individu lab unix robert repli group zamir option robot comput chain agent neuropros hall current world offic li user edu engin aij
241	Non-Course	Non-Course	austin home aruna work homepag taylor fall cs ut comput lectur email contact voic hall depart texa india utexa j bachelor scienc univers edu engin mail tx studi
242	Non-Course	Non-Course	theorem ask class link feedback nuprl note www help cornel linux use introduct page cs ut document rob relat browser index project design li reason run user edu theori altavista
243	Non-Course	Non-Course	phone sang class ha construct bs also home work watch java guitar cornel ut jung transform ithaca may john get scienc web view news music school e piano homepag ny listen inform kwan resum cs know address korean abstract le info univers soon play access shim love check melco eric www degre page interest meng antonio kang jazz click follow california welcom keyboard rd graphic time comput hong still project version world li final camera edu engin korea system studi
244	Non-Course	Non-Course	page utc ut cad home
245	Non-Course	Non-Course	krafft dean url b
246	Non-Course	Non-Course	structur effect seitz simpl viewpoint transit move icpr object call click work correct solut two distort siggraph base scene jude extens well imag toward dyer varieti principl represent use render mpeg interest paper prior ut face k comput handl transform geometri frame project howev li morph interpol knowledg steve septemb chang camera chuck shavlik view color
247	Course	Course	dsilva microsoft program phone misconduct csm c languag oper quizz sept comp object rm home borland solut section walter silva nov tuesday savitch statist cours text compil lab due inform hour textbook oct window problem introduct page cs ut mosaic comput chamberlin th email softwar stat contact toni instructor wisc tue sci offic li lec assign scienc day info edu system noland mail p
248	Non-Course	Non-Course	phone research wisconsin e construct marko wi home note madison usa page cs ut comput wisc street depart assist scienc univers edu dayton mail west
249	Non-Course	Non-Course	seek cam research scientif dynam oper linear link mathemat year detail april satish work summer submit activ ny frank posit cornel exam type student propos mechan l n center page interest paper ut k comput h vita misc thesi trefethen ithaca hall continu depart li non hill postscript model jeff fluid univers edu background theori system baggett
250	Non-Course	Non-Course	name finger phone search wa digit heavi construct link sound order intellig home travel skate god artifici nautiy take cours washington delhi stop page dept seattl sieg cs ut tech movi comput pelham quarter b aviat design iit offic li india scienc adam univers edu engin system himanshu mail cse
251	Non-Course	Non-Course	thing aspect wide link make year island travel click follow work siggraph hey scene among look imag lab cse daili walkthru corner render graphic page interest cs paper ut plan comput grad public u contact browser laboratori project find li j get info edu lot
252	Non-Course	Non-Course	network research ut austin lab laboratori
253	Non-Course	Non-Course	
254	Non-Course	Non-Course	architectur program phone parallel research wa school c languag oper postdoc octob move link hsieh work lie electr wilson spin advisor compil lab bill box washington whsieh interest sieg cs seattl ut comput receiv runtim mit laboratori project depart number offic li scienc phd pgp chang person weihl univers edu engin fax system
255	Non-Course	Non-Course	donald bruce
256	Non-Course	Non-Course	thing phone research hickey speed data lead aka work think teach brad support acm reliabl cornel birman use horu ierland meet ut eicken lectur cluster major cooper softwar ithaca anindya kenneth takako ieee scienc oper best synchron perform ny global von technolog malki guo level recent cs smith u vineet brian depart robbert univers fax th bound dept parallel thorsten hayden vogel perfect upson ps demand real fall network interest experi vaysburd practic email multimedia design find tr bandwidth practicum werner mail reach march distribut august dalia video respons add system commun take group time workshop princpl tell copper symposium comput pass extract mountain van hall project atm number world li user see basu edu engin flexibl focu p
257	Non-Course	Non-Course	anoop thing microsoft display ask research class multicast data lead make year sigcomm rate x work membership sharma support rosen text cornel bill part alto machin use interpret silicon ut lectur transform ta etc softwar spent media scienc phd tcl first bachelor classroom client h format program oper tk link claim imagefram sharmila call sequenc draft conferenc test fast mean motion cs file set spring stanford deploy indian internet postscript server mix valley predecessor dept navin initi keshav access script motif site leader viewer upson look compil imag institut type ps delhi fall network develop paper deliveri palo email write multimedia replay quarter design came filenam flavour putimageincanva steve fact mail name languag manipul video term sitn v inc gupta group window mode stuff audio comput hall atm cool ip offic li stream edu system
258	Non-Course	Non-Course	kristin page home
259	Non-Course	Non-Course	cow thing music tokyo html move construct kota start melco kaz bs home work tri homepag worth ok ee think return take cours cornel japan inform way peopl student sale page interest cs ut comput kazushi depart assign scienc get co info univers edu engin superhighway sell march
260	Non-Course	Non-Course	architectur wide technic wisconsin home local guri inform talk group use page interest avail cs paper ut comput softwar relat multiscalar wisc project depart world user fund scienc info univers edu sohi
261	Non-Course	Non-Course	oren home aka work wind weld uw welcom inform etzioni softbot dan hi washington page cs ut kwok sky codi vision ai softwar agent contact may ctkwok info leisur edu chung hyper valley cse
262	Non-Course	Non-Course	prize dick program fellow research class america oper distinguish professor minimum e construct present mathemat travel babbag complex advanc fulkerson profession karp perfect membership pennsylvania plane teach technion ii salesman von acm institut board flow part plenum faculti washington use problem network art member cs match ut manag adjunct pp medal richard comput lectur miller random vol press senat wigderson algorithm academi li chair john j scienc berkeley univers edu engin theori intern nation societi
