	actual_label	prediction	abstract
0	Course	Non-Course	su homepag pm chiang tr cs go time lab
1	Non-Course	Non-Course	robert utexa depart info univervers xa otu cs univers
2	Non-Course	Non-Course	spring comput alvisi depart page research cs cornel scienc fall lorenzo toler offic taylor cours special itali sytem system oper hot utexa csd home distribut ph edu public topic professor interest cst
3	Non-Course	Non-Course	approach show motion correspond imag medic trace recov angiograph sequenc ray determin inform note film differ composit enhanc invari poscript period
4	Non-Course	Non-Course	tamch ariel
5	Non-Course	Non-Course	homepag visit comput third dr multimedia austin page cs databas bhanu scienc semest cours system visitor home barua vin univers architectur term son project l texa manag
6	Course	Course	spring rahul use overview homework introduct cs fall gener offic program read examin kapoor cours stori tool inform wisc telephon languag assign horwitz edu hour date compil interest exam
7	Course	Course	provid access summari new schedul page cover document later scienc three segment student program cours thread histori begin awar system easi sun inform librari day alway systemssect andrew knowledg differ languag sophist network time edu class arnold packag softwar structur date direct hour byproduct api text view oct mon refer primer meet ad room sept level runtim one cs seminar watch run option first offic statist directori archiv bug swap count take environ tr avaiabl makefil includ kind introductori assign subsequ section mellencamp receiv ago caught project compil topic post short e string solari familiar ken fork critic list five follow local issu avail secur edit respons pm file get nov mwf specif regist shown also simul late feel wisc oper note featur four home distribut replac web instructor unix present memori make standard grade depart comput use octob definit creat introduct fall discuss intend disk move readi involv read implement said phone congeni fix chapter describ notifi among detail link hand anyon mellen reserv thursday sci graph algorithm due outlin java public last solomon correct threadschedul dec relat howev know lectur
8	Non-Course	Non-Course	profil comput summari use potenti austin page research cs back scienc fall area concurr program undergradu implement stand reason inform function book work addit home languag teach ph section univers member term project seri hamilton interest maintain obtain iowa orient year texa
9	Course	Course	grade overview homework schedul url page updat cs theori www fall semest gener mathemat per offic jye cours program mwf also inform wisc librari olvi telephon lee bertseka home gradient applic thursday assign etc uw edu instructor class hour project mail text e nonlinear ferri list
10	Course	Course	ftp follow local depart comput explan check use one page document cs scienc fall offic examin handout lab postscript inform mani work polici home includ assign etc section web instructor copi servic hour direct problem ghost exam
11	Non-Course	Non-Course	autobiographi comput depart page cs cornel scienc take sonia ultra inform soon home dad lot edu lookin search cool
12	Course	Course	sorin homepag solut mentor comput depart wisconsin engin ii homework avail help page document enrol cae fall semest gener conduct pm news cours get wiscinfo specif exersis lab septemb inform note part link addit home cst electr assign workbook intro may outlin due univers architectur group madison project professor need ece problem hw refer contain
13	Non-Course	Non-Course	asynchron fpga emerald depart level comput current usa engin research scienc focu box engag board rapid rout system washington self simul pin gemini aid tune cad hardwar assign prototyp univers previou embed project direct northwest integr vlsi chinook develop
14	Non-Course	Non-Course	comput depart use came austin page research address scienc fall kedar indian offic concurr program phone semant tx emerson inform contact home distribut lot receiv algorithm person interest advisor know degre madra
15	Non-Course	Non-Course	offic utexa srinivasan home phone vsr cs edu ua
16	Non-Course	Non-Course	attack solut sever comput depart summari vol wisconsin indefinit equat page research cs studi scienc mathemat numer special system automat seymour parter singular wisc pub work home distribut may scientif spars number univers class edu error project professor posit interest problem w effect pp ellipt
17	Course	Course	depart comput overview lampert frequent page cs introduct scienc fall borland email offic program cours fortran skrentni system misconduct inform complaint wisc oper savitch home consult coordin languag question section edu instructor last see softwar algebra feedback c offer
18	Non-Course	Non-Course	reus k gordon comput usa use austin creat p cs research construct scienc offic program artifici fax system jr intellig automat inform specifi curriculum utexa lisp link laboratori ph novak web edu scheme class expert univers server compil professor write physic c demo shell univ texa
19	Non-Course	Non-Course	find compar current comput depart engin wa page construct research cs scienc box www symposium program jack june design washington also jlo home languag smt edu univers architectur confer paper interest
20	Course	Course	oper newsgroup group project read home send page assign handout introduct cs system inform class
21	Course	Course	comput porter use treasur surf thicken p cs introduct scienc graphic snow semest play intend tree move chang program cours nov emphas machin gambl tay foundat take express simul data draw concept work unpars plot taken macintosh languag assign basic section number web lot scheme symbol previou pc turtl high school next algebra major hunt syntax translat oct list
22	Course	Course	page construct research august scienc transact cours interact system principl support inform paul network time class larg softwar hour ieee cst collabor meet descript vol emphasi cs requir argo offic particip design content includ thyagarajan may project topic synopsi paradigm list k sigcomm issu r retriev imag journal semest queri appli th base bach rangan oper prerequisit utexa distribut j advanc collect proceed multicast san instructor commun titl present conferenc cdt w grade comput articl multimedia databas fall gener discuss effici rout acm textbook harrick qbic pictur face vin carri manag
23	Non-Course	Non-Course	group comput ut theori algorithm
24	Non-Course	Non-Course	qiang john page home
25	Non-Course	Non-Course	matthai page home philipos
26	Course	Course	pst spring cse comput chuck program ii matrix numer quadrat r system exampl intro linear eric
27	Non-Course	Non-Course	spring sugata comput depart multimedia page cs cornel scienc student phone system take mukhopadhyay graduat contact work home edu ritu high compil prof welcom perform
28	Course	Non-Course	index provid bring check show new use well page document cs address databas internet area idea gener offici manual cse info chang program filter execut washington intellig sew inform locat anoth cacm miscellan detail link entir extra sourc home paul older glimps network begun web edu site class server wide good write topic short interest review futur develop
29	Non-Course	Non-Course	depart comput govern own austin page dept cs scienc smart educ mathemat mccarthi read cours qed noth vote locat robert john work curriculum utexa fundament home moffett taken state philosophi web univers class furthermor project professor short view boyer univ texa verg deutsch
30	Non-Course	Non-Course	richard mallori
31	Course	Course	room grade comput clarif page introduct cs mid scienc theori fall pm tuc offic archiv mwf wednesday monday lectur septemb inform wisc theoret john david home thursday teach assign languag uw written edu friday madison sundaram hour mail tuesday assist text exam list
32	Course	Course	new syllabu object clarif msteel page cs introduct fall comp week gener pleas pm email offic deadlin program cours read th vectra phone handout lab inform appoint function wisc midterm work note polici home consult taken wed languag assign may section sampl time edu class near hour algebra build exampl c walter fill exam refer
33	Course	Course	mvi ad solut grade follow comput depart use engin homework schedul syllabu new avail page hypermedia document cs static hypertext scienc graphic imag world sgi cse click wealth program cours get read handout base mind lab art visitor inform browser deros mosaic addit instruct home send basic assign languag web written ta class markup last html wide project topic professor cool problem degre year offer keep
34	Course	Course	duplic solut k comput actor use syllabu connect cs requir studi behavior program file cours artifici select intellig survey process natur languag assign brain topic major problem ai
35	Course	Non-Course	oper romer cse storag present file system principl perform
36	Non-Course	Non-Course	index ftp comput current mactest page research cs larri past pleas artwork involv parallel princeton rout creativ washington neil inform contact fun concern home gemini electr laboratori teach angel web edu public person project gon interest exampl futur contain
37	Course	Course	homework research document cornel scienc newsgroup student program cours system appoint inform function librari nj book fox knowledg sml languag basic mf edu class hour emac refer jgm call descript cs requir conduct offic design content specifi learn relev contact though environ come assign scheme project e like find tech goal avail side pm info semant specif tool concept oper note prerequisit ulfar thu mechan concern math tue advanc mit web instructor make denot standard comput logic prove studi carl understand implement resourc describ link line properti suitabl prefer interest
38	Non-Course	Non-Course	spring u comput depart yuanj schedul object publish austin page cs scienc beij academi alumni program cours system select china öð¹ú¼æëã famili chines technolog time univers java server softwar texa develop
39	Non-Course	Non-Course	comput depart current austin multimedia page research cs scienc www capit offic involv click central file implement system sriram tay support inform locat oper contact work miscellan utexa home pictur mine rao hill edu univers group mail interest texa
40	Course	Course	descript spring comput depart carlson essenti engin syllabu avail request page construct document cs suggest studi scienc analysi cse offic cours technic winter system design washington sieg inform note link home includ assign may edu class larg softwar project defens mail topic interest leveson test success develop manag
41	Non-Course	Non-Course	homepag simpl
42	Non-Course	Non-Course	sign swim comput depart activ clc austin page updat cnn cs hypertext address scienc databas research traveloc hall yellow world offic info sammi parallel experi laptop artifici concert system tx intellig oper utexa home dell distribut languag web univers zpl last html america white wide project topic compil prof geijn consortium cst ut texa
43	Course	Course	beam world cse wide home short paul page hypermedia welcom document latex web fall instructor
44	Non-Course	Non-Course	index comput depart beauti drew use wisconsin page research wi cornel cs scienc seminar partner journal week side rabid analysi multiscalar student pl program implement fax hmmm regist arch wisc david hot work featur home distribut love vagu languag super edu univers leav wierd madison group project topic interest cmu physic amir never
45	Non-Course	Non-Course	descript przemyslaw bershad comput current depart engin schedul page interast research cs fr scienc area run student program przemek th fax system unrel washington base also resum oper work built poland mechan link home pardi distribut languag etc time edu univers commun group project relat compil interest spin pardyak
46	Non-Course	Non-Course	graduat contact figur geeta utexa home river arora page research cs ph edu
47	Non-Course	Non-Course	eremolin first offic utexa comput xxx home fax page postal main cs bullet c scienc web edu emilio
48	Non-Course	Non-Course	comput depart wisconsin use goal florida staff page elsewher cs scienc explor gener program parallel arpa temporari tool inform wisc contact home distribut super languag west edu univers paradyn bart effort releas project relat poster contain perform
49	Non-Course	Non-Course	page jeff home shabel
50	Non-Course	Non-Course	spring volum comput two evolv follow horu overview use avail multimedia page elsewher research introduct construct address aris fall isi workstat toler robust parallel compani flexibl system design base set process earli mani style link distribut includ applic initi collect origin contribut open differ user languag web found class commun group tacoma releas purpos person project vogel softwar abstract conferenc develop manag
51	Non-Course	Non-Course	homepag comput nhl austin page construct cs scienc imag program rutger system rank graduat utexa yong collect ph number edu univers convert seinfeld lu yonglu html last util heavi cst texa
52	Course	Non-Course	human graduat spring cse comput cours home h interact page born cs washington edu offer
53	Non-Course	Non-Course	homepag ad current comput page cs cornel august scienc dalla janeen system thing join home send instrument group favorit eng jreich welcom texa
54	Non-Course	Non-Course	homepag tradit activ page updat research cs offic parallel sytem system tx feel contact utexa fun home garg distribut en guadulp network web edu interest damani om regularli
55	Non-Course	Non-Course	homepag comput link engin hall finder washington jonathan scienc box ahoy univers
56	Non-Course	Non-Course	homepag comput depart bibliographi octob austin page research cs scienc journal first peke jiani alumni b student technic magzin sun utexa luo javascript home h languag collect netscap network web univers java jyluo associ welcom texa perl
57	Course	Course	joke visit comput usual page cs desautel semest week world viru tri backup info might program compress archiv faq lab inform addit net home herald site web kelli wide favorit interest
58	Course	Non-Course	david notkin spring cse project home engin page assign washington cs introductori sampl kwic edu
59	Non-Course	Non-Course	laboratoir comput depart engin wa octob object page research cs institut scienc herv box imag disk offic bull program file system washington sieg thesi size support septemb oper part fundament therebi distribut universit languag edu univers debug softwar project sinc trend memori decemb interest jamrozik main orient recent guid
60	Non-Course	Non-Course	comput depart check current engin page march cs classif scienc graphic box imag devleop journal taz offic program transform special interact cscl june hierarch metip visual system washington coimag sieg support septemb inform marla environ home academ languag proceed web edu univers human larg patent softwar project interest ieee
61	Course	Course	page handl p cornel address three score drop administr instal program cours materi june begin system inform edu plan class hour softwar aug meet matrix name one stress cs linear matlab first offic b design alon lab set though environ includ assign summer niko topic add follow file accept base ignor late ms rank midterm prerequisit distribut math ozan best collect scientif six done instructor lu assist juli mac accord grade comput syllabu staff upson introduct hall deadlin chapter extra hand due loan order problem c pre lectur
62	Non-Course	Non-Course	homepag christian two know arthur compulsori class mak
63	Non-Course	Non-Course	ipic iti home enterpris dri page design intern research institut site process edu inform
64	Non-Course	Non-Course	page alemani juan home
65	Non-Course	Non-Course	comput depart upson research cs cornel theori scienc automata program cours fax semant interpret report faculti note work home includ languag univers infer structur kozen algebra interest paper dexter effect
66	Non-Course	Non-Course	kevin homepag
67	Course	Course	meet room comput syllabu upson page cover cs first info cours materi wednesday philip therefor lab prelim link home thursday assign section due class close tuesday need
68	Non-Course	Non-Course	comput depart seem furnitur japan object page would multimedia cs cornel scienc fall imag complet glanc offic student program cours theoret figur fun ring busi sort pictur finley come door dad may obviou web kinda snowman ee quit server near topic anymor oct beaver manufactur call
69	Course	Non-Course	program cs
70	Non-Course	Non-Course	facil young comput current depart emphasi issu engin research notr theori scienc journal chair first program divis special histori dean system foundat washington also seventeen inform chairman theoret sigact committe paul eleven question time univers complex nation societi group subcommitte titl professor unit interest ieee mom foc associ serv control
71	Non-Course	Non-Course	homepag sept comput depart life outsid austin research cs scienc www utc guitarist fax tay tx david utexa home busi yau edu univers establish interest make texa
72	Non-Course	Non-Course	comput sartr page cs peopl scienc nietzsch wisc jean jacqu home paul andrew may west edu madison geeri interest
73	Non-Course	Non-Course	comput depart summari wisconsin page connect research cs scienc tabl rate involv program cours darpa wisc work home lawrenc network lhl edu univers nation gigabit project mail professor focus interest w
74	Non-Course	Non-Course	arl comput current activ rule voic austin page postal research databas scienc appli student senior system base inform lane home knowledg laboratori languag edu univers confer paper c texa develop list
75	Course	Course	facil meet grade protect synchron depart comput summari daili use miller one wisconsin name page cs scienc unhappi fall classmat pleas discuss intend tri offic involv doit read file cours get particip system handout select inform relev rest oper day detail part choos distribut advanc assign go sheet univers class bart group madison hour project topic structur post short paper kernel text write major success theme place
76	Course	Course	decis train overview homework genet page scienc readabl student ineedagoodicon program cours nip backprop intellig postscript inform refin librari mlj knowledg teach languag basement edu class aij rml migrat ai version progress explan u tip neural help cs induc offic email analyt reinforc artifici archiv monday nd lab learn assign may al section project heurist start spring connect dept intern march geoffrey februari suggest theori comp pm januari aq kibler wednesday shavlik wisc brr concept lisp home cohen math summar empir instructor group hr discoveri paper bp id highway comput use syllabu creat introduct databas www gener read ga machin phone chapter experiment line algorithm april relat stat ml cobweb lectur
77	Non-Course	Non-Course	lumelski page home vladimir
78	Non-Course	Non-Course	offic utexa comput home fax page postal main cs c ashi edu scienc
79	Non-Course	Non-Course	electron access comput staff document cs hypertext research scienc institut cornel gener read cours arpa technic system design list content resourc also set lab inform natur foreign note far xerox dri distribut initi languag cstr network begun davi web univers jim class corpor dan group share remot softwar project captur structur media improv interest make memori problem proxi publicatiion investig whether
80	Non-Course	Non-Course	page home vlad
81	Non-Course	Non-Course	tri person home reserv page configur metacrawl java
82	Non-Course	Non-Course	wisconsin densiti page research document miron scienc tian birch educ student technic system intellig techniqu inform telephon zhang profession ijcai edu plan larg manufactur robot grow workshop room cs classif offic statist compress artifici fax select design bank mobil arm project compil cluster trend topic e topolog sep concentr issu dept imag journal analysi symposium china wisc home distribut technolog ph madison purpos integr assist recent young comput depart joint databas gener thesi data last interest an univ
83	Non-Course	Non-Course	comput depart new page postal research cs scienc snow carl offic program mr yet fax system stephen thesi resum return alway utexa home languag psuedo web scheme univers plan wide person interest know c main degre esteban texa perform
84	Non-Course	Non-Course	wisc david letterman thing prooocessor subba show home interest paper page cs cambridg nba edu histor
85	Non-Course	Non-Course	georg varghes
86	Non-Course	Non-Course	access depart comput wisconsin engin tech page cs lucknow scienc offic saeed n wisc hi contact home reserv sc edu madison guestbook univ
87	Course	Course	comput syllabu schedul page cse b cours winter sieg relev inform home assign time site web global class societi welcom born refer highway
88	Non-Course	Non-Course	homepag project jerri hsu eng cs cornel
89	Non-Course	Non-Course	homepag depart comput thoma jeff engin austin research cs scienc gener appli jthoma system inform contact utexa electr photo laboratori edu univers public group softwar ed ece ut texa
90	Non-Course	Non-Course	version hert comput depart anim wisconsin page motion research cs august scienc graphic susan journal appli program special autonom underwat common system autom intellig experiment lab postscript wisc arbitrari link home laboratori tether multipl uw algorithm univers edu public confer robot madison geometri softwar interest assist juli develop
91	Course	Course	homepag solut syllabu homework cours announc design handout rajeev modifi note sheet algorithm class instructor last see paper hw
92	Course	Course	facil solut room comput schedul page updat cs final studi tent cse offic cours mwf washington inform late midterm penalti assign teach basic autumn languag web edu instructor doan previou pc hour project compil topic tanimoto assist c exam
93	Non-Course	Non-Course	ftp add find inconveni current depart comput austin page construct research cs scienc psp texa world offic program taylor archiv ot system tay reason support inform contact part utexa link place home distribut macintosh proposit marku edu univers last member group uniti prof interest welcom ut appl recent verifi
94	Non-Course	Non-Course	comput depart wisconsin engin instruct page research cs wi address scienc area eric multiscalar offic ericro resum wisc home electr assign edu univers architectur confid madison project topic ece decemb smith kestrel passsth
95	Non-Course	Non-Course	index homepag factoid local depart comput stukel variou tom page construct edit cs research scienc info news artifici technic surviv specif take lunch art inform late david dozen catapult link bio choos home astronomi math mann laboratori al uw web ta site class reader madison sundaram project relat upon trendi weather interest fill obtain call
96	Non-Course	Non-Course	colleg wisconsin page construct research scienc charl student program flexibl system foster postscript inform nuclear applic teach languag edu class person softwar hour martin cs medic milo mathemat first offic parallel yet design promot mobil section hill architectur confer compil nfl engin interchang hailperin imag pm symposium specif ultim wisc oper ba home advanc technolog web univers madison assist perform comput depart st senior quot phone gustavu art fischer java public next tuesday algebra interest know c upa
97	Non-Course	Non-Course	scienc run complet program enabl system design washington foundat inform graduat includ shinook time univers nation last embed softwar project topic reactiv make pdt main chinook
98	Non-Course	Non-Course	alan cline
99	Non-Course	Non-Course	find utexa check edu use runtim cilk page system languag cs mit base rdb inform
100	Course	Course	spring comput overview syllabu schedul code prior document introduct cs tabl fall comp isbn complet email offic program cours evalu archiv implement steven li landweb ps list phone design lectur postscript nsp appoint inform wisc midterm book teitelbaum ol alt form advanc assign network offer uw lhl edu class instructor unix error narayanan html madison term hour project mail professor stat review assist exam refer href ben
101	Non-Course	Non-Course	wisconsin home page univers andi
102	Non-Course	Non-Course	salton gerard
103	Non-Course	Non-Course	classic spring comput seem austin page research cs scienc less fall gener compter uc dahlin root offic taylor file system experiment lab inform mike berkeley oper utexa link summar advanc teach ph technolog may bye web edu univers architectur xf softwar person professor trend interest assist texa list
104	Non-Course	Non-Course	egger susan
105	Non-Course	Non-Course	stefano comput summari wisconsin page march dept cs research august scienc stafylopati v kaxira system galileo inform wisc david multiprocessor home sci edu univers cost public share softwar goodman holland interest assist wind
106	Non-Course	Non-Course	new research western scienc area program dean flexibl system postscript independ languag teach class whole vortex spin view maintain meet one quarter would dead seminar world offic elimin design washington exist chateau unnecessari entir environ assign receiv predict project compil keep microkernel k spring engin object fr intraprocedur analysi optim appli also mani oper concern adapt univers group high integr affect defin interfac depart comput usa jeff hotlist involv experi valid work isol laboratori intermedi interest orient cecil
107	Non-Course	Non-Course	concentr comput depart unives current austin page construct cs scienc graphic www master phone isheldon tool inform contact utexa univeristi profession reciv solid edu person project babi decemb http degre isaac aug texa
108	Course	Course	comput depart katz engin use new updat page document cs static scienc gener corin administr cse offic evalu cours copyright announc comment system washington mind inform especi bi everyon day note link home aid question technolog assign autumn webmast may ta edu univers class web instructor wesley evolut hour mail gaetano weekli topic interest e problem maintain keep contain lectur
109	Non-Course	Non-Course	scientist comput field depart usa machineri issu doctor method austin frenzi page connect research cs elsewher construct scienc jump utc fall semest educ mathemat offic student sweden special understand spurt june vicki fax limit cpsr spent learn contact work utexa link almstrum particularli home includ teach technolog profession web edu univers class garden group softwar topic direct novic interest maintain associ c main organ ut texa
110	Non-Course	Non-Course	perman document move
111	Non-Course	Non-Course	comput depart current construct research cs postal requir scienc dissert program fax specif tay postscript specifi work far utexa environ languag class softwar compil padgett contain devic
112	Non-Course	Non-Course	current wisconsin page research scienc area charl co program cours toward system intellig proc paul synthesi rang edu robot ieee cvpr view main conf control call acquisit seitz correspond cs synthes requir space artifici sequenc set macc question basi video rochest track l abstract e spring imag represent info visual autom base leader wisc finger home j advanc ph scientif univers societi group madison taught juli bookmark input recent comput depart usa stewart introduct fall explor dyer understand implement link rpi interpol professor interest lattic kyro vision simplifi com satellit
113	Non-Course	Non-Course	page niko home
114	Non-Course	Non-Course	mvi k use variou staff page expand document cs handl databas ncsa www cecil cse deystvov system washington realli also lab visitor mosaic home languag russian uw web edu zpl hello member present person project relat vortex vass short slide orient recent qual
115	Non-Course	Non-Course	wen comput field job multimedia page construct cs cornel databas scienc graphic final market email program understand meng system resum oper still habit distribut network edu univers plan java softwar project whkao paper webpaint interest vision
116	Non-Course	Non-Course	recommend comput depart activ engin austin page suggest research cs address scienc cours inform biograph utexa electr edu univers greg professor improv lavend welcom texa
117	Non-Course	Non-Course	comput depart wisconsin cs wi studi scienc milton student program hold todd ms wisc home languag teach section edu univers madison school turnidg case
118	Course	Non-Course	page home cs
119	Non-Course	Non-Course	spring comput depart austin page p cs research scienc collegi utc fall texa educ januari competit offic student micheal b program divis taylor bowl tay learn locat finish utexa wahl home web univers favorit contest interest view ut ai hewett call
120	Course	Non-Course	page home spring cs
121	Non-Course	Non-Course	spring comput depart austin page research cs scienc fall explor represent world email reason intellig describ inform contact detail accomplish utexa kuiper home commonsens mit benjamin plan univers group robot agent topic professor mail interest paper build bjk texa
122	Non-Course	Non-Course	david zuckerman
123	Course	Course	homepag porter schedul page cover p scienc week newsgroup program cours materi tp inform languag pai resolutio time edu class hour bruce decemb maintain room descript cs offic lab someon send assign section pascal topic post need test exam welch dr avail dwip comp today pm special held concept midterm programm note utexa csp home door instructor hr slide prolog solut import comput tutori articl stuff gener discuss might unabl dell ta last relat review interest lectur
124	Non-Course	Non-Course	u comput depart metaphor summari wisconsin deduct develop use current geograph page dept research cs databas scienc journal magazin larri way augment artifici special model june center system design intellig travi support non inform wisc implic link home form technolog angel west edu expert univers larg last group reflex ai softwar project incorpor professor heterogen integr interest w organiz recent contain manag
125	Non-Course	Non-Course	homepag depart comput one chuanjun austin page cs wang scienc end magazin program cours get read take enjoy porsch inform sea thing home pictur ph web lot univers unix pku write prose welcom thought ut texa list
126	Course	Non-Course	spring comput wisconsin variou method page cs theori flow fall linear semest gener januari program cours system inform graduat mp mangasarian network spars algorithm integ larg last l nonlinear ferri offer
127	Non-Course	Non-Course	feminist women comput page research cs scienc graphic imag sean past acm froggi divers jpower washington hero hi david stollnitz home duoton h siggraph academ uw edu joanna ed interest main biolog color
128	Non-Course	Non-Course	homepag spring comput current anim depart engin multimedia dept cs cornel scienc graphic fall practicum carpet student cours june reduct system specif inform oper india taken distribut seena univers class summer softwar project post eng welcom degre colloqium
129	Non-Course	Non-Course	homepag comput depart engin logic austin postal cs scienc area student b program erdem machin esra reason non inform learn contact utexa edu univers topic cognit interest bilkent texa
130	Non-Course	Non-Course	mural local comput depart affili progress engin new overview schedul page construct research cs peopl scienc final box region cse student medal full parallel cours undergradu technic program master news click washington impact inform visitor graduat includ laboratori desktop profession technolog webmast web edu univers class newslett project contest abstract build associ univ list
131	Non-Course	Non-Course	com rong
132	Non-Course	Non-Course	mpi comput wisconsin use lederman avail page dept research cs document would scienc www area intend offic prism statist get steven also big ongo inform wisc home includ web edu html madison project tunnel relat interest wind http order build univ refer
133	Non-Course	Non-Course	art souther
134	Non-Course	Non-Course	wisc sid email offic name phone page cs hummert go edu
135	Non-Course	Non-Course	grade comput field life engin marvel szu page huang segreg practic scienc graphic internet area intel happili involv program master cours model highli system also set art mani anoth unabashedli graduat oper literatur thu four thing though home live network class asid linux made project interest spectrum c welcom compat
136	Non-Course	Non-Course	brien meghan
137	Non-Course	Non-Course	electron summari austin page research address scienc area rostock program cours june system support inform csl applic rang network sponsor member ieee ftc kaohsiung main workshop cst texa electrospac vol icdc icmc cs email taylor csm design washington select contact storag electr mobil may second architectur confer tech engin object march scale beij end imag chair toler symposium th file colorado foundat oper committe utexa distribut initi ph nsf univers placement commun server high inc integr director row comput depart usa multimedia databas disk acm creativ california bombay work harrick laboratori vin algorithm nation award professor interest c vice
138	Course	Course	kehl cse home page web found fall
139	Course	Course	new page cover document scienc modern program cours fast materi zp inform supercomput join state languag rang class close text none reli index ad descript snyder well cs run matlab larri elimin select design sieg recompil etc dramat zpl subscrib faster array releas compil mail topic e guid majordomo follow engin workstat pleas pm easili assum specif wednesday also home distribut prototyp user scientif web commun unix remot develop perform scientist comput team use syllabu octob variabl previous cse suitabl found relat interest syntax simplifi
140	Non-Course	Non-Course	descript comput depart wisconsin page research cs schnarr scienc eric design function wisc link home languag edu univers architectur laru madison interest assist wind
141	Non-Course	Non-Course	david young
142	Non-Course	Non-Course	comput grant produc use cs valu region run gener student program system washington patch data describ inform eventu initi languag dynam section uw web edu imper member group releas project compil relat spin c
143	Non-Course	Non-Course	cnc profil comput depart current wisconsin engin new method object page practic research scienc journal shapiro mathemat represent appli program model center system foundat base design techniqu ongo inform engr wisc graduat engineeringunivers part mechan univeristi aid includ best languag solid uw algorithm aspect edu nation effort madison deal geometri present project spatial need interest cdt collabor manufactur
144	Non-Course	Non-Course	version game chaput comput depart life new onion austin lyco cs dull studi scienc cyberdog databas texa movi student b info program taylor system pound lab learn stone utexa home robotlab annoy ph hang web univers cliff corpor robot project wrote odesta worst ut appl mac
145	Course	Course	provid protect summari schedul cover normal research document scienc cours system desk inform must edu class hour structur person suffici text cst room daili cs final requir offic statist larger relev macc literatur tr avaiabl result may project topic major sep presen list secur suggest less semest pm equival file get assum simul wisc oper distribut advanc done consider group present paper make build smaller standard grade comput use octob fall discuss intend read worth phone thursday copi solomon public term dec theme lectur
146	Course	Course	comput homework page cs introduct procedur program cours cpu ps system design inform brian home assign project organ guid
147	Non-Course	Course	current page research cs gener pm offic info phone ucla appoint tuth wisc home phil edu dive sail hour atkinson
148	Non-Course	Non-Course	comput depart svkakkad kakkad avail austin page research cs scienc oop pleas januari offic taylor implement swizzl system sheetal inform finger contact utexa storag home best hardwar ph may edu univers fault group member c texa call
149	Non-Course	Non-Course	yu homepag comput depart use octob austin voic page cs scienc internet classmat academi student syu graduat utexa home distribut ph univers class ustc ed texa
150	Non-Course	Non-Course	spring comput ii multimedia research cs cornel introduct databas graphic thrive fall masafumi revolut sector optim suzuki program system polygon data resum techniqu simul report inform lab oper polici independ network nba web site edu class summer ie softwar project structur e manag
151	Non-Course	Non-Course	nimar home interest arora page tx look ph number area
152	Non-Course	Non-Course	ut artifici laboratori intellig
153	Course	Course	page scienc reload tw jiacheng program cours materi skrentni inform browser f teach appendix edu structur hour mon bail cs oop tree offic lab forget assign error see binari topic alloc exam stale list key r updat skip pm analysi copyright get wisc oper handin home psycholog jia sampl web onlin w lec solut comput introduct tabl sol discuss read announc chapter data stack queue locat work ta found algorithm copi thur last problem c futur lectur
154	Non-Course	Non-Course	publish letter
155	Non-Course	Non-Course	tom henzing
156	Non-Course	Non-Course	kevin hinshaw page home
157	Non-Course	Non-Course	yu feng
158	Non-Course	Non-Course	poland student krzysztof son pictur zmudzinski cs number lab inform
159	Non-Course	Non-Course	phd colleg comput logic austin page postal expect cs research scienc student offic program fax ms natur utexa norm home commonsens mccain edu univers interest onlin c main nonmonoton texa
160	Non-Course	Non-Course	spring comput nikosc field vol current amr engin depart method page research cs cornel institut scienc end menu gener co student fluid parallel program master colorado prema center fax system foundat base data simul nj sensit work purdu environ adapt distribut pde toolkit includ advanc ph scientif algorithm nation public niko architecur bernoulli april project domain
161	Course	Course	mpi br find spring u comput homework lock spam r scoreboard split page cs idea pleas sp emd buse superscalar program thread parallel materi cours msgpass system report inform cachecoh net sort home pred thorsten initi technolog io intro sampl pentium high project atm tomasulo c eicken propos case mpp start cach perform
162	Non-Course	Non-Course	comput mobil research washington univers
163	Non-Course	Non-Course	provid solut follow visit depart comput type wisconsin new fiction dewitt wiss volunt whatev geograph page construct pay cs famou databas scienc oddbal www imag hacker administr appli parallel woodwork read implement forth system design also occur friend inform wisc uwvax oper david old though part storag bolo thing home rather sublim web edu univers unix last reviv server madison tiger project relat notic util oql except dave degre everi campu control
164	Non-Course	Non-Course	ya depart countri comput enjoy home engin omid citi page washington cs madani uw box edu univers scienc
165	Non-Course	Non-Course	ed posnak
166	Course	Course	version index current depart homework page cs fall explor analysi offic doit numer cours mwf inform wisc f note deboor concern home math assign edu due class hour relat stat aug offer contain
167	Non-Course	Non-Course	tracyk comput depart captor sinc engin traci help washington cs scienc box edu univers
168	Non-Course	Non-Course	page home daniela
169	Non-Course	Non-Course	finger bookshelf texa student utexa comput depart project shaob austin shma network cs univers final scienc verifc fall
170	Course	Course	cyclic comput runtim quarter blumof page cs fahring matlab loew pm cse block program parallel bordawekar system monday set data septemb midkiff scalapack environ home distribut class complex subscrib driven mail adv ramkumar majordomo
171	Non-Course	Non-Course	find visit comput current depart life engin kwb page research cs scienc box kevin spu rout spend system washington map signific anoth home electr nervou time edu univers previou group explain make chaotic associ
172	Course	Course	recommend elmasri spg third homework schedul page cover research document cornel construct scienc week illeg clearli cours materi system x principl inform thesauru book polici sort break knowledg teach languag time edu class larg member roughli hour date hard smart refer index name amith one cs vector first offic design process set part entir includ perot singhal receiv textual topic cluster five follow spring avail retriev peopl latex semest queri pm want file model minut accept wednesday base late ullman concept return note prerequisit home aguilera advanc univers group press paper exampl grade solut comput depart type submiss use upson introduct databas read chapter work link fundament reserv thursday credit due april write tuesday relat
173	Non-Course	Non-Course	offic th home cs cornel vijay address edu vsm
174	Course	Course	grade comput object page cs hummert introduct scienc email offic statist program cours nov mwf phone system lab inform wisc oper day sid savitch home languag assign section edu due instructor hour text c rm walter
175	Non-Course	Non-Course	index batori comput page g research cs construct scale databas utc pattern gener pleas program transform typic system inform refin mani reflect note thu utexa home avion distribut includ web edu class group tar member titl softwar project relat algebra defin ssgrg welcom domain start manag
176	Non-Course	Non-Course	chen spare comput depart membership page cs cornel august scienc hall detect student system china wei home distribut academ network fault tsinghua group interest degre weichen
177	Course	Course	bibliographi syllabu homework research cs introduct semest gener long ordinari program latter cours materi read execut specif system consist automat literatur given kind languag assign class compil paper problem orient
178	Non-Course	Non-Course	topic interest
179	Non-Course	Non-Course	screen comput current upson page document cs cornel databas scienc theori world administr offic ny program parallel implement fax system bs home distribut wfinger network may web global univers fault commerci wide search julian project assist recent
180	Non-Course	Non-Course	comput depart mateev juli cs cornel hall scienc nikolay
181	Non-Course	Non-Course	page home jia wang
182	Course	Course	index comput quarter page cs address scienc fall kushmericknick cse read cours artifici machin select sieg intellig resourc friedmanfriedman weldweld messag question assign outlin class ai mail topic build exam
183	Non-Course	Non-Course	page home deyu
184	Non-Course	Non-Course	gallagh suzi
185	Course	Course	mayb homework research program cours flexibl could inform supercomput uninterest pertain teach uniform edu hour text year meet chose energi emphasi sens would cs requir offic parallel select content washington sieg either anderson result assign may section project topic major exam start list spring plu latex theori dvi special model choic note nice smpc paper taught consid comput syllabu introduct gener cse comment look other art happi work influenc algorithm due correct april relat howev interest lectur
186	Course	Course	fail page normal research cover scienc week student disturb program cours fortran discov particular quota cheat techniqu non inform dorm consult knowledg tick basic languag messag go time edu class school structur hour softwar elementari text solv gradesheet everi campu room descript one noland instruct help cs cae run offic statist lab via relev learn either contact includ come question assign configur section see good mail topic weekli major exercis exam start simpl follow engin outsid pm assum get specif wednesday wisc programm note four home print web done instructor emerg wide taught onlin http rm except pointer solut import night comput depart jeff use syllabu octob lampert prior introduct st www way intend tri wait click experi read worth understand vectra phone approxim littl work hand contribut anyth credit open friday algorithm due keyword write howev interest syntax problem primarili lectur
187	Course	Course	provid grade comput depart wisconsin name use wf r page dept cs jfink databas scienc account suhui fall desautel semest end explor mw cae offic ratliff cours compani without announc phone bockrath abandon set wisc link tsioli home tr ashraf jherro origin differ excel mf section web ta edu site jyothi class univers leav kelli madison keyword hour search geeri ed cool e enorm w agupta list
188	Non-Course	Non-Course	project home page pavel welcom nuprl tire invit place
189	Non-Course	Non-Course	julia page home
190	Non-Course	Non-Course	mathemat homepag wealth two program sinc plug todd page teach cs section fall inform contain
191	Non-Course	Non-Course	safeti comput depart page cs scienc kepart uc student b program seattl interact washington describ inform graduat includ academ web edu univers java human interest kurt recent
192	Course	Course	profici women electron sever grad activ download homework schedul page handl later g document address scienc cover construct week hint student program cours materi yanni begin system easi desk cheat entranc inform classnam anoth book graduat function thing polici chin zhang absolut choos must addit state necessari languag go edu class town html stodder debug hour chemistri pr gdb text suffici tell top convey place call tba descript room show one help would cs requir capabl run email offic statist news max take count nd extern lab septemb opaqu david style includ question assign etc may section pascal cchin project compil topic need situat major facet behav becom exam list five find follow dewitt key goal avail structuresfal edit intern demonstr account end suzan semest pleas pm cycl easili th accept floor specif handout give also late unawar wisc superfici midterm note prerequisit four obey home best j user univers group present clariti taught http paper build except away input develop grade comput depart sunday govern use header code modular introduct studi valu www fall gener inputfil readi assig chang doit experi read ioannidi suppli machin announc phone appear data vi work detail still extra weiz photo form thursday friday ta algorithm aspect copi correct previou incorpor howev femal tuesday possibl mention interest problem goto c lectur
193	Course	Course	find descript use instruct earn page practic cs studi tabl practicum student internetwork cours get interact comment system content take offcial signific inform work link choos distribut basic rang go web aspect complex varieti project vogel interest offer develop simpl
194	Non-Course	Non-Course	server person chuck inc home page walbourn web locat
195	Non-Course	Non-Course	ching hu
196	Non-Course	Non-Course	solut spring germani comput field activ current page expect cs studi scienc box address run moment past complet cse program sgberg implement particular washington sieg inform finger work home pictur bachelor fals print stefan edu univers indiana honor share format softwar project interest comparison qual
197	Course	Course	meet solut import tutori homework avail quarter page research cs dead document offic cse program sent read cours implement winter file handout washington inform elim chamber home includ languag assign sampl web edu found leon class hour mail vortex vass compil interest year refer cecil list
198	Non-Course	Non-Course	luxu xue comput depart austin page dept cs studi scienc www area texa compani system china inform graduat contact work utexa home languag network live edu class tsinghua lu ieee sigir univ campu
199	Non-Course	Non-Course	softbal comput depart richard box home engin overview pictur page washington cs research scienc segal edu univers
200	Non-Course	Non-Course	comput depart summari wisconsin italian page research cs databas scienc movi cultur satish phone wisc chandra home languag edu univers madison interest assist nostalgia log
201	Course	Non-Course	page home cse
202	Non-Course	Non-Course	jignesh page home
203	Non-Course	Non-Course	comput activ schedul instruct page research cs cornel document symp pleas sp hpam program read file technic meiko von system inform oper berkeley contact detail risc net spec distribut coordin includ languag messag prototyp site commun architectur cost overlap packag see softwar project compil paper interest know becom eicken
204	Non-Course	Non-Course	shubu page home mukherje
205	Course	Course	provid electron access current page cover cornel august scienc modern clearli program cours materi system simpli hardcopi techniqu inform browser polici conot consult applic teach rang languag dynam go quicksort edu class match person date hour voskuhl transfer appl facil dylan tba two name one well cs final onto requir capabl background email offic b take sit lab earli either learn environ come introductori assign site imper immedi see good topic wherea major paradigm exercis happen contain random free follow local goal object complet pm want info reach accept held handout prelim late concept inherit skill home arithmet recurs web server midnight matter focus memori exampl develop mac grade solut comput depart check use staff joint upson introduct studi www fall pattern read evalu implement mutabl textbook number due java public correct write problem orient period
206	Non-Course	Non-Course	trier comput activ industri bibliographi wisconsin engin articl logic multimedia help page dept research cs intern databas scienc garfield asha competit email offic program master protocol ps system data inform wisc olap warn link net home madra sourc infrastructur initi technolog network edu univers larg server confer madison endow person amit mail dec softwar mumbai interest utah onlin relat bookmark mdd
207	Course	Course	spring depart comput wisconsin miller schedul secur march cs februari requir scienc internet imag week wood offic file phone system monday wisc david break pictur assign written edu univers class bart madison april hour livni
208	Non-Course	Non-Course	alan homepag visit comput depart austin page research cs haizhou scienc institut texa mathemat optim student jan bs inform ms compuer contact utexa zhou home aid algorithm univers complex tsinghua confer group sinc focus head interest israel hai vlsi campu
209	Non-Course	Non-Course	room comput depart engin wa page research cs scienc box student offic alec system washington nw lab oper work home includ network edu univers wolman scalabl project interest cambridg aug recent
210	Course	Course	grade spring protect comput two summari solut team use variou schedul well suggest secur research cs document requir scienc hall cover discuss pm first intend offic involv info read file cours implement particip system design count list desk experiment report appoint macc relev oper choos distribut includ suno advanc assign prototyp compon class second instead present hour project topic tuesday paper text make major problem theme propos exam lectur
211	Non-Course	Non-Course	scientist descript comput depart check usa new overview engin shorter would cs introduct peopl scienc box region ideal run info chang parallel program walk without fortran machin washington base via inform modifi acknowledg browser concept small detail work higher line conclus languag etc autumn suitabl scientif sampl edu univers zpl web uw member group project write direct compil relat futur
212	Non-Course	Non-Course	phd colleg comput logic avail austin page postal expect cs research scienc msc student offic program fax ut inform librari natur utexa link home commonsens edu univers interest onlin hudson c main nonmonoton texa
213	Course	Course	current fail page normal research cover scienc three dissert week gareth disturb program cours fortran discov particular cheat techniqu non inform appoint dorm consult bestor must languag messag go time edu class structur hour softwar text gradesheet everi campu descript curv help cs final cae run offic statist monday lab via relev learn includ come question assign section see good mail topic weekli major exercis exam start follow outsid februari pm get specif wednesday wisc programm home psycholog web instructor emerg wide seven taught onlin http rm except pointer perform grade import night comput depart solut use mid st www way intend tri wait click fri read worth understand vectra phone approxim work hand contribut anyth open friday algorithm due elig keyword april write pg howev algebra interest syntax problem primarili lectur
214	Non-Course	Non-Course	comput overview page research cs conduct symposium simultan affair washington still jlo home edu architectur project maintain multithread list
215	Course	Course	activ new homework page hypermedia document scienc program cours winter mind inform especi miscellan messag edu class hour ben tip help cs final world offic washington lab engr word item send assign may webmast summer see short major test welcom exam offer keep spring engin avail updat info board copyright bounti midterm home web univers wide raini slide degre mac solut comput depart check syllabu static cse click earlier comment art textbook autumn previou search relat problem c
216	Non-Course	Course	karavan karen
217	Non-Course	Non-Course	meet depart comput austin page research cs entertain scienc internet rosett world huiqun student program taylor acm liu tx design hqliu inform hi contact utexa chines home languag wong ph web edu univers site unix campu last societi group giant search e exampl texa guid
218	Course	Course	spring comput formal method chief page cs world backup program examin pair qed interact cours taylor select system foundat report tool via specifi mani includ oral differ assign web instructor class galoi html good project e exampl phl blurb
219	Non-Course	Non-Course	comput depart serial summari current engin wisconsin watson austin instruct page research cs address scienc transact educ effici sohi symposium multiscalar offic gurindar program ordinari parallel center fax system design report wisc pilani india home target electr distribut applic languag j technolog ph guri edu univers architectur effort confer group department madison april professor sequenti focus memori interest order bulk investig perform
220	Non-Course	Non-Course	group softwar project direct paper multimedia zeno research cornel peopl mission curricula
221	Non-Course	Non-Course	
222	Non-Course	Non-Course	homepag old comput depart millett person pictur lynett cs cornel scienc inform
223	Non-Course	Non-Course	comput depart summari wisconsin use one secur page creat research cs well scienc eric mathemat effici automata appli transmiss info click bach also inform wisc theoret berkeley home vita number edu univers complex error press professor algebra interest w conf
224	Non-Course	Non-Course	comput depart tutori usa engin research cs hall scienc springer box august dissert respons program archiv fax system design washington also gu f brian curriculum link home kaleidoscop anyon applic academ languag advanc edu univers imper previou lopez topic interest orient bologna constraint
225	Non-Course	Non-Course	comput current depart usa engin page research cs fr scienc side cours understand system washington take travi work craig mechan home time edu univers project interest cach
226	Non-Course	Course	invers wisconsin new page cover research construct scienc navig dissert educ gareth administr student program cours fortran system optic intellig techniqu non inform librari bestor knowledg rigid basic languag teach massey edu honor robot school structur posit elementari point solv one instruct cs requir graphic minim artifici restrict lab learn scene unknown section error instead project major e welcom simpl spring engin fr imag assum model base wisc given home advanc multipl web univers done perspect duti group madison titl wide assist http taught pointer depart comput type essenti use prior introduct www explor intend experi dyer machin wiscinfo littl survey data credit sc algorithm dacc keyword algebra interest problem vision orient
227	Non-Course	Non-Course	dan dglaser html move home http page million
228	Non-Course	Non-Course	homepag comput brad use page would cs scienc seminar athlet duan probabl thayer model system packer mclaughlin oper link much home thec advanc network may intro uw web jazz neglect search possibl interest welcom
229	Non-Course	Non-Course	descript visit comput depart level wisconsin one staff help potenti page expand intern cs research request scienc internet susan area educ newsgroup administr appli calcari read divis system foundat report via inform spent wisc natur graduat work reloc addit home includ best scout network scal open may time web edu multipl site backbon nation univers uw group madison servic present project topic sinc gather discoveri devot assist interest orient year list
230	Non-Course	Non-Course	kunen page home ken
231	Non-Course	Non-Course	asynchron fpga comput current depart engin research cs fr scienc scott board rapid rout system washington also simul pin applic hardwar assign vita prototyp edu univers hauck embed project interest chinook
232	Course	Non-Course	provid sever current new phase page normal document construct enough readabl administr student program cours boe technic interact system x realist primari addit necessari languag teach plan edu class larg member softwar head organ control meet descript one statu cs specialist portfolio first offic design washington exist sieg process set learn natur includ assign embed track ensur project role topic test issu industri session engin updat respons analysi augment deliver specif also home expertis act commun duti group clariti assist exampl safeti essenti use studi mainten creation cse chang latter implement work due outlin howev professor regular leveson success manag
233	Non-Course	Non-Course	find visit grad comput depart engin wa url page girl cs scienc offic info seattl bam quot phone look washington sieg friend visitor locat finger linguist number web edu univers site michalowski person favorit mail search guestbook interest artist worst pgp year
234	Course	Course	meet solut comput tutor syllabu noland use publish object stuff page cs scienc gener pleas email offic statist chang info program archiv phone handout lab wisc david link polici academ assign may section ta edu instructor uncomfort melski softwar hour oct walter dave list
235	Course	Course	beam spring comput depart engin novemb homework johnson cs eeb scienc fall loew pm cse offic b cours mwf phone washington nowitz sieg modifi midterm po paul thursday assign sampl section web edu univers class instructor previou ruzzo hour leveson karp
236	Non-Course	Non-Course	jonathan page home swartz
237	Non-Course	Course	depart schedul page cs back www internet pm viru offic info b model mwf held bockrath system support simul condor wisc word home distribut nathan neat section anyway go edu hour project onlin
238	Non-Course	Non-Course	califf mari
239	Non-Course	Non-Course	depart comput wisconsin page cs scienc csashi student chandrasekaran vm septemb wisc univeristi home hill edu univers madison dec project sashikanth
240	Non-Course	Non-Course	phd depart comput current field wisconsin engin neuropros incomplet voic page research cs umass august scienc oren internet databas softbot effici move offic program indic repli seattl understand center autonom aaai fax without washington sieg intellig inform learn relev locat innov home knowledg terranc multipl web edu individu univers algorithm etzioni group robot servic high white softwar food wide repositori gather greg statlib agent law discoveri juli ai contain
241	Non-Course	Non-Course	texa homepag studi comput utexa depart taylor engin voic austin j cs univers aruna scienc fall lectur
242	Non-Course	Non-Course	user note ask link project relat altavista page cornel reason nuprl cs introduct document class
243	Non-Course	Non-Course	version homepag kang access comput engin page construct korean cs cornel final scienc graphic www studi eric click get meng system bs also resum inform soon camera still home love may web jazz class korea java project kwan abstract interest view welcom degre shim
244	Non-Course	Non-Course	page utc cad home
245	Non-Course	Non-Course	dean url
246	Non-Course	Non-Course	icpr comput two viewpoint object handl prior distort imag extens toward transform base principl septemb camera knowledg transit morph varieti geometri structur project interpol howev interest view effect simpl
247	Course	Course	sept solut comput object page cs introduct scienc email offic statist program th cours nov phone system csm lab inform wisc oper day savitch home languag assign section edu due quizz hour toni silva text dsilva c rm walter lec
248	Non-Course	Non-Course	wisc note madison comput depart marko home wisconsin assist page construct research cs scienc edu univers
249	Non-Course	Non-Course	comput continu depart activ jeff page research mathemat background student fluid satish system seek thesi postscript work mechan dynam scientif posit interest propos
250	Non-Course	Non-Course	aviat comput engin wa page dept construct cs scienc skate movi offic artifici cours himanshu seattl phone system design washington sieg take intellig digit nautiy finger home edu univers heavi
251	Non-Course	Non-Course	follow comput walkthru daili page graphic imag info look contact among work link hey laboratori j plan lot aspect public wide project interest corner
252	Non-Course	Non-Course	austin research laboratori network
253	Non-Course	Non-Course	
254	Non-Course	Non-Course	lie phd comput depart engin wa octob runtim research cs scienc box offic program parallel seattl wilson system washington sieg hsieh oper postdoc electr laboratori languag weihl whsieh edu univers receiv architectur school person project compil interest spin advisor c
255	Non-Course	Non-Course	bruce donald
256	Non-Course	Non-Course	extract synchron comput depart anindya horu multimedia upson march dept practic cs cornel research scienc focu respons practicum parallel experi flexibl system design take oper real think tr distribut best teach technolog global commun reliabl video group pass see project vogel cluster interest major princpl eicken werner robbert recent
257	Non-Course	Non-Course	spring access comput name use quarter came multimedia upson stuff dept research cs cornel deliveri scienc manipul internet fall imag stanford membership indian first offic flavour program rosen predecessor look system sequenc interpret support data set imagefram navin motif oper classroom work initi languag script ta class sharma video group replay filenam putimageincanva conferenc sitn deploy mode stream lectur
258	Non-Course	Non-Course	page home kristin
259	Non-Course	Non-Course	homepag depart comput kazushi superhighway page construct cs cornel peopl scienc tri student cours get worth inform assign html kota interest kaz start
260	Non-Course	Non-Course	local comput depart wisconsin avail page cs scienc sohi multiscalar world technic inform wisc home edu univers architectur group wide softwar project relat interest
261	Non-Course	Non-Course	contact ctkwok leisur codi home kwok page washington cs may welcom edu inform
262	Non-Course	Non-Course	comput vol engin miller construct intern cs research institut scienc chair mathemat medal academi board program senat fellow washington lectur art faculti oper advanc profession babbag edu univers complex class societi member present dick professor fulkerson plenum distinguish perfect pp karp manag
